Nota_ENEM,CR,Iniciacao_Cientifica,Publicacoes,Carta_Recomendacao,Experiencia_Profissional,Proficiencia_Ingles,Aprovado
749.6714153011233,8.399355436586003,0,0,3,1.203745175046877,1,0
686.1735698828816,7.924633682912769,0,2,5,0.3081345188387388,4,1
764.7688538100692,7.059630369920174,0,1,5,0.986739994030154,5,1
852.3029856408025,6.353063222294426,0,0,2,6.060747082630013,1,0
676.5846625276664,7.69822331361359,1,1,1,0.7705040987476135,1,0
676.586304305082,7.39348538542175,1,1,4,4.051394536772452,1,1
857.9212815507392,7.895193220027732,0,1,1,4.26148115312587,1,0
776.7434729152909,7.635171801681969,1,1,2,0.8621398355684187,2,1
653.0525614065048,8.049552715319335,0,1,2,0.17385765108647663,2,0
754.2560043585964,6.464764788439432,0,2,1,2.5787557381345962,3,0
653.6582307187538,8.317394065634325,0,2,4,0.7465156489292196,1,1
653.4270246429743,7.1975996046924,0,4,1,3.055011958704697,3,1
724.1962271566034,9.075260872625265,1,0,5,1.169141137912172,4,1
508.6719755342202,6.310812181910432,1,1,3,1.3282129175905413,3,0
527.5082167486967,8.73596380316525,0,1,5,3.0093398052832545,5,1
643.7712470759027,7.197910783462648,0,1,3,0.9637098175061024,2,0
598.7168879665576,6.348581996385551,0,1,2,1.1708373846893574,2,0
731.4247332595273,6.5161141659456785,0,0,4,0.9438203912405833,1,0
609.197592447879,6.67965269180568,0,1,1,0.9156458808112565,1,0
558.7696298664708,7.424165946401916,0,0,4,1.4928705133581326,4,0
846.5648768921554,7.5228354880355,1,0,1,3.308864746080694,4,1
677.4223699513465,6.426299996061421,1,1,5,0.8981078282052648,5,1
706.7528204687924,6.975645407739017,0,1,5,1.485745390324972,1,1
557.5251813786543,9.142270358611864,1,1,1,2.221738146866819,1,0
645.5617275474817,8.727543170100711,0,0,4,0.6278863154685153,4,1
711.0922589709866,7.4363236696740325,0,1,1,0.6501388467448871,4,0
584.9006422577697,7.0380034781682,0,1,2,5.418495646634623,4,1
737.5698018345672,7.120031326718261,0,1,5,2.5713390100198144,2,1
639.9361310081194,7.613517972730417,1,0,2,1.7216490245853626,3,0
670.8306250206723,5.977207434801595,0,0,5,2.0866582390520376,3,0
639.8293387770603,6.742623462576655,0,0,5,0.05947448911589704,1,0
885.2278184508938,5.3314159261224106,0,1,3,1.925208500128257,2,0
698.6502775262067,7.399223122605279,0,3,2,1.42469618060364,4,1
594.2289071044099,7.647195939702741,1,1,2,1.5782137335253004,1,0
782.2544912103189,6.516813537700626,0,0,3,0.8907744741041437,2,0
577.9156350028977,8.573986763290034,0,0,4,0.16996991269055423,5,1
720.8863595004756,5.774234336997659,0,3,2,0.429704125842742,2,0
504.03298761202245,5.53562511979018,0,1,1,6.021477142379205,1,0
567.1813951101569,7.224451818559972,0,0,3,1.0508620717461732,3,0
719.6861235869123,8.047098302612154,0,1,2,1.2572791541663808,4,1
773.8466579995411,8.68392769145787,0,0,4,0.10829956126922825,5,1
717.1368281189971,6.54111573713106,1,0,2,0.07658005020706524,2,0
688.435171761176,8.078680833431296,1,3,5,2.5258994852186585,1,1
669.8896304410712,6.961491530499293,1,0,1,1.5447906191809193,1,0
552.1478009632573,6.82737270005918,0,1,3,1.4214250405054087,4,0
628.0155791605291,7.883659937486672,0,0,5,0.5571130885180214,1,0
653.9361229040212,7.65232287841342,0,2,4,2.731029376536591,1,1
805.7122226218916,5.42360784301575,1,0,5,0.3684144569720761,4,1
734.3618289568461,8.476540349725896,0,0,5,0.42128094235850155,5,1
523.6959844637266,8.380091354147451,0,0,4,1.2350116913666331,3,0
732.4083969394795,6.374437298490471,0,2,5,0.674528714445267,3,1
661.4917719583683,7.395803533437409,0,1,3,0.568610178389107,2,0
632.3077999694042,7.494030186282739,0,1,2,2.0726142698923598,5,1
761.1676288840868,7.260673765823907,0,3,5,2.105204801595098,2,1
803.099952249595,6.44969484615458,1,1,3,3.480427009247818,3,1
793.1280119116199,6.328376632061948,0,0,2,1.0815684250969353,4,0
616.0782476777362,6.974445929008555,0,0,2,0.15178701891825902,1,0
669.0787624148785,8.172729019259364,0,0,5,0.6394916896100027,3,1
733.1263431403564,7.543600154594432,0,1,3,7.8245924051678735,5,1
797.5545127122359,6.629385667913894,0,2,5,1.8139612872745312,3,1
652.082576215471,7.771698710648344,1,0,4,2.4739363251690256,5,1
681.4341023336183,4.1514573793699245,0,0,2,0.014770063938851203,5,0
589.3665025993972,8.148765700372103,1,1,5,1.4604761726073825,5,1
580.3793375919329,5.2602862212219,0,1,2,0.07650197464494017,2,0
781.2525822394198,6.637559058596868,0,0,3,1.684362932724262,4,0
835.6240028570824,5.880330105373856,1,1,1,5.07082197545743,3,1
692.7989878419667,5.705318524279094,0,0,5,6.910407474595393,4,1
800.3532897892024,8.16082678737852,0,1,5,1.5554619601547766,1,1
736.1636025047634,6.5322987986881085,0,1,2,1.2257344368443632,3,0
635.4880245394876,7.346503881730715,0,0,3,5.801465893154947,4,1
736.1395605508415,6.953079421120816,1,1,4,2.2393235577695445,4,1
853.8036566465969,7.477040827223122,0,1,3,0.13420206615255953,1,0
696.4173960890048,7.076821891060256,1,0,5,1.2536913450479998,5,1
856.4643655814007,5.71700777581143,1,1,4,0.5495185807953071,3,1
438.0254895910256,7.99626681944714,0,2,3,1.2690182715229748,3,1
782.1902504375224,6.506243416838688,1,1,1,1.2156482199390277,1,0
708.7047068238171,5.443418101340249,0,0,2,1.7452406493822368,5,0
670.0992649534132,6.571884839034087,1,2,3,0.8825073654753502,3,1
709.1760776535502,8.50075979063431,0,0,3,0.3589004447401423,3,0
501.24310853991074,7.850221742113493,0,0,1,1.4012277122233243,3,0
678.0328112162488,6.6513478655921405,0,0,5,3.5463019839466488,5,1
735.7112571511747,6.650742295681571,0,3,2,2.181361025479033,1,1
847.7894044741516,6.678364948782617,0,2,3,0.826091132412211,3,1
648.1729781726352,9.076747983560841,1,4,4,5.48289412179431,4,1
619.1506397106813,7.381935452231553,0,0,3,4.86556002993148,5,1
649.8242956415463,7.43004164719107,0,1,2,0.46979572516890744,2,0
791.5402117702074,8.030283454031842,1,2,3,0.08043099262238677,1,1
732.8751109659685,7.238789159026513,0,1,1,2.7042397046466826,4,0
647.0239796232961,6.740957854179297,1,0,3,3.515994886221401,3,1
751.3267433113356,6.803650150915022,1,0,3,6.875591986425547,2,1
709.707754934804,6.928398740585936,1,1,4,4.411577383388659,1,1
796.8644990532889,6.962777763490158,1,0,1,1.8352570937314852,5,1
629.7946906122647,7.72762954363698,0,2,1,1.510267901010726,2,0
667.2337853402232,7.051945885807299,0,1,3,0.05647192076647223,2,0
660.7891846867842,7.73264007721558,1,0,4,0.5664678186813674,4,1
553.6485051867882,6.919283419891418,0,0,3,1.2309459421440556,1,0
729.6120277064576,7.07863519031609,0,0,3,1.9804338261710686,4,0
726.1055272179889,5.001799315467892,0,1,2,1.6295082861616241,4,0
700.511345664246,7.916327674702481,1,2,2,2.7145276272980667,3,1
676.5412866624853,7.346488475897993,0,0,4,0.6563608245050874,5,1
558.4629257949586,7.998010109859652,0,1,5,1.6646006118049965,2,1
657.9354677234641,4.10374462180631,0,2,2,0.18454253940486373,1,0
665.728548347323,9.088374704780728,0,3,5,1.0677297467383546,5,1
619.7722730778381,6.860410371844826,0,0,1,2.77387579993001,5,0
683.8714288333991,8.108182816737516,0,0,2,2.3644281921484147,1,0
740.4050856814538,5.960094072874469,0,1,2,9.343204928369175,5,1
888.618590121053,7.61277390506257,1,1,4,0.6511587128538595,3,1
717.4577812831839,5.946584436826344,0,2,5,1.3790646407894447,5,1
725.7550390722764,6.376231039304195,1,1,2,0.7995538742621934,3,1
692.5554084233833,8.914031353866786,1,0,2,1.161792130028278,2,1
508.1228784700959,6.809317599236653,0,0,4,3.889123934693071,2,0
697.3486124550783,7.217432873179723,0,0,4,2.305349829424969,4,1
706.0230209941027,7.8700677306887545,0,1,5,4.281633142872678,3,1
946.3242112485286,7.495681887972605,1,0,1,0.4550841923195553,2,0
680.7639035218878,7.150418905143576,0,2,1,4.132831380741243,5,1
730.1547342333613,7.3649610024662255,0,1,3,0.12324507176324896,1,0
696.5288230294757,9.403415585238275,0,1,2,4.389242984476584,1,1
583.1321962380468,6.9423812029664145,0,0,5,0.7981922050856397,3,0
814.2822814515021,7.201099046714967,0,0,2,0.7554692536605245,4,0
775.1933032686774,8.050654396007612,0,2,5,1.4352427984645315,5,1
779.1031947043047,8.105525932957985,1,4,5,5.649961036511827,3,1
609.0612545205261,8.18703030556038,0,2,5,0.0979212232204948,1,1
840.2794310936099,7.638730222029185,0,0,2,0.8684421783623624,3,0
559.8148937207719,5.8569950872695165,0,0,4,3.8838440659122004,5,0
758.685709380027,8.633431532301096,1,2,2,1.00854255908933,2,1
919.0455625809979,5.853654606981312,0,1,5,0.44418045650021726,5,1
600.9463674869312,7.3026354652390335,1,0,3,1.1060547134428191,2,0
643.3702270397227,6.245724149980642,0,1,1,0.9740635827335482,2,0
709.9651365087641,6.935861653407008,0,0,5,4.940025074816662,2,1
649.6524345883801,7.32876241030348,0,2,3,2.8704178222918606,3,1
544.9336568933868,7.3213572154502735,0,1,4,1.406861979227362,1,0
706.8562974806027,7.421920754235285,0,0,5,8.908432085845433,3,1
593.7696286273895,8.613711269058648,0,0,3,1.2520148334638839,1,0
747.3592430635182,7.453534301513979,1,1,5,0.12000502122857185,5,1
608.0575765766197,6.755843364709351,0,3,2,0.6083664665185401,4,1
854.993440501754,7.964087168288358,0,2,3,1.145652000441409,5,1
621.6746707663763,8.189470488924641,0,0,2,0.3413456331104632,3,0
667.7938483794325,5.7723921848630075,0,0,2,5.896366761707363,3,0
781.351721736967,7.597400069849858,0,1,3,2.9121370567730347,1,0
576.9135683566045,7.701172742310899,0,0,1,0.6247343846430244,3,0
722.7459934604129,6.702436496640008,0,1,3,1.7871246478886538,2,0
830.7142754282428,8.37570681331162,0,1,1,2.556309353053223,3,1
539.2516765438772,6.849944412967473,0,2,5,5.669913308308382,1,1
718.4633858532304,7.125576453471543,0,0,5,4.26797031666813,1,0
725.9882794248424,6.82692817571613,0,0,3,1.4480056183242822,2,0
778.182287177731,7.015579047581467,0,1,5,2.9802243107071194,1,1
576.3049289121918,5.903724913104798,1,0,4,1.6517338228395633,4,1
567.9543386915724,5.559949117405706,0,0,2,1.609068930614304,5,0
752.1941565616897,8.594505063224972,0,1,2,0.24375220794797933,3,1
729.6984673233186,6.153038651681673,0,1,1,0.2696648383650952,4,0
725.0492850345877,6.008607650543693,1,1,5,1.5080615356555207,3,1
734.6448209496975,4.846609886396285,1,1,1,0.6263048644274656,4,0
631.9975278421509,6.361038252310498,0,1,2,0.04252266239454534,3,0
723.2253697161003,5.676910206592502,1,1,2,2.5663148997594907,2,0
729.3072473298681,8.642015160136369,0,2,5,0.06605200124788525,1,1
628.5648581973633,8.009817089342635,0,0,4,1.809104007779391,1,0
886.5774511144757,6.311849654822276,1,1,4,1.549555404170977,2,1
747.3832920911788,9.252435805344309,1,0,5,6.935616293809899,4,1
580.8696502797352,7.981765486991594,0,2,5,1.3241233191698185,5,1
765.655360863383,6.675168616491377,0,1,1,0.13142815460538684,4,0
602.5318329772679,4.500594285126427,0,1,5,1.6045315771580086,1,0
778.7084603742452,9.290942572590742,0,3,4,3.678912212795151,5,1
815.8595579007404,5.610427533236404,1,0,5,10.0,3,1
617.931768164829,5.354601253043108,0,1,1,1.125442317135072,5,0
796.3376129244322,8.02257043200964,0,3,1,0.7722038090910907,4,1
741.2780926936498,9.439752406339274,0,0,1,4.7428694555939845,2,0
782.2060159994489,8.384272818510517,0,0,1,0.42451140201113996,3,0
889.6792982653948,7.56390912005236,0,0,3,1.9112532614933317,4,1
675.4611883997129,7.594754341665286,0,1,5,1.0407906155579112,3,1
624.626383564251,7.853415558780307,1,1,2,0.08390018816146064,5,1
611.0485570374476,7.758928589786765,1,1,5,0.8532400300202475,1,1
618.4189715034562,7.281191423969376,0,0,3,0.6163914861660114,4,0
692.2898290585896,7.104201103951876,1,1,1,2.3173052688038545,2,0
734.1151974816644,6.937406872100477,1,1,3,5.943660344404015,5,1
727.6690799330019,6.246035411133324,1,2,4,0.624078461461427,4,1
782.7183249036024,6.719324923133226,0,1,4,3.3369531885235193,2,1
701.3001891877907,5.3070431858046145,0,1,5,0.11390236532072819,4,1
845.3534077157317,6.90166037320525,0,4,5,1.5449046974044705,5,1
673.5343166762044,6.011408892849083,0,1,2,0.14632466834957433,4,0
972.0169166589619,5.896410682784229,0,1,2,5.437201055091848,3,1
762.5667347765007,7.179894151153478,0,1,4,2.9078729810315527,5,1
614.2842443583718,8.3920022863446,0,1,1,2.1455961883548436,4,0
592.9107501938888,7.918316606002313,1,3,3,3.473365432829773,1,1
748.2472415243185,5.429499396376823,0,1,2,2.0855216319051326,4,0
677.6537214674149,6.010371863429662,0,0,2,6.943952083217025,3,0
771.4000494092093,7.940771187988216,1,2,1,2.5032328870661464,2,1
747.3237624573545,6.017512606461691,1,0,1,5.171451243297829,2,0
692.7171087343128,6.775366850002976,1,1,5,1.4560234619290395,2,1
615.3206281931596,7.550052099024552,1,0,3,0.24900605784666505,1,0
548.5152775314135,6.031655545136365,0,0,1,1.5023057854796176,3,0
655.3485047932979,7.10537550614596,1,0,2,0.271348122859891,5,1
785.6398794323472,5.665974505081795,0,3,2,1.7953966888163175,2,1
721.4093744130204,6.398632356048786,0,0,4,1.3174646886482801,3,0
575.4261221288012,7.3197819341425365,0,3,1,1.9487689191999686,4,1
717.3180925851182,5.407006266468331,0,1,5,0.02019558518099115,1,0
738.5317379728837,7.440474737960399,0,1,3,0.4334297483602599,3,1
611.6142563798867,6.980362201073318,0,2,5,1.3519133036971633,3,1
715.3725105945528,7.5524899544171475,1,0,2,6.011709126583529,5,1
705.8208718446,7.223914134064661,0,1,5,0.9677476840426762,3,1
585.7029702169377,8.364140429973844,0,1,2,1.1045874110419984,5,1
735.7787360348283,7.1252245026479075,1,0,2,2.5084006250054114,1,0
756.0784526368234,6.570594458874747,0,1,2,1.8516357288716034,1,0
808.3051243175277,7.122297503032284,0,0,2,0.710284096271927,4,0
805.3802052034903,7.543298029036388,0,0,2,1.058034843218927,5,1
562.2330632042908,7.048860070325705,0,1,4,0.49103344634791635,5,1
606.2174960084877,7.040591691203883,0,1,5,6.764052209028061,2,1
751.5035267208659,6.298008312193245,1,1,4,0.27998301502836537,2,1
751.3785950912209,6.337099082449052,0,0,4,0.9299104981882631,4,0
751.5047686306048,5.597394728200307,0,2,1,0.05235732548332053,1,0
1000.0,8.749576743186939,1,0,1,0.5014907311418779,2,1
757.0890510693167,5.756136764608715,1,0,1,3.0325431341863704,3,0
813.5565640180599,6.307094802204093,0,2,3,0.4492273435460694,1,0
795.4001763493202,6.281592734430802,0,0,1,0.1669010542124146,3,0
765.1391251305798,7.8949243769444415,0,2,5,1.2866319924783232,5,1
668.4730755359654,6.705050321707972,0,0,4,0.020038520621224465,1,0
775.8969220493268,8.247742072673734,0,0,5,0.1771513548516463,4,1
622.7174785462428,6.326509375756132,0,1,1,3.296626413957459,5,0
676.3181393259991,7.278994162223802,1,0,3,2.9522048455161705,5,1
651.4636452170896,6.164652946740243,0,1,3,4.93347707764039,3,0
708.1874139386323,9.145149127773388,0,1,4,3.8553705734641426,5,1
931.4658566673509,5.812401580970487,0,0,5,2.29881497155753,2,1
513.2734807408252,7.309820710227028,0,1,2,0.10750390735716236,1,0
768.6260190374513,7.633776880932098,0,2,5,3.0543211113915625,2,1
538.7284128810348,7.4137990974514985,0,1,1,3.7352623163412564,3,0
652.8068134210566,6.814712341122291,1,1,2,3.209718279780645,3,1
808.8950596967366,6.870179300266574,0,1,3,1.42050137158793,1,0
706.4280019095463,7.04381147197911,0,1,4,0.5302810098069058,5,1
592.2255222070694,6.852997998371511,0,1,4,3.7329226135010636,4,1
628.4696290740031,7.96387911679491,0,0,3,2.5977600687451887,3,0
767.9597748934676,9.210523001591351,0,2,1,7.901649749058254,1,1
626.9633368282863,6.442508214992166,0,1,3,0.3384772600602012,4,0
721.6458589581974,5.630197020420923,0,1,1,0.5115002880675316,5,0
704.5571839903814,6.911717951648745,0,0,2,0.47600213390725826,3,0
634.8399652394182,9.579709337654318,1,1,3,3.145631217731969,1,1
914.3944089325325,6.196325432030269,1,1,1,0.41382029885646937,1,0
763.3919022318012,8.639116805444068,1,0,2,0.13797109264893123,1,0
497.48574133423926,8.677700814076442,1,1,3,10.0,3,1
718.6454314769428,6.4464117582920055,0,0,4,0.05026070022948315,4,0
633.8213535231612,7.5689830791852755,1,2,3,3.6065801051709934,1,1
785.2433334796224,8.628396623128538,0,0,5,0.9094163005072522,5,1
620.7479261567299,6.620872259012513,1,0,3,3.6854588076922155,1,0
688.5263558533101,6.796419639897638,1,0,5,1.617657063057398,4,1
750.4987278980457,6.418319086051357,1,0,2,4.638063796252413,3,1
786.5755194170122,5.985243269307134,1,1,3,5.212603033718188,1,1
579.9703592944223,6.350722454933993,0,0,2,0.018279644994815145,1,0
666.5498764159051,5.7760597332377435,0,0,2,0.15681447288968473,5,0
652.5054688839044,7.034083468259226,0,1,1,0.5763209859422062,5,0
634.6670767426288,6.230026768941358,0,0,2,2.213180554897446,1,0
876.5454240281097,7.233785911790748,0,1,2,4.383379383436974,1,0
740.4981710960956,5.444104353796373,0,2,3,1.2321572951949953,5,1
573.9116045664955,7.330880232214457,1,0,3,1.8677545260513664,4,1
791.7861947054776,7.833528961608924,0,1,4,0.4177414212591092,2,1
912.2156197012633,5.006264357428544,1,3,1,3.2691713044455635,2,1
803.2465260551147,7.374056569847572,1,1,2,6.842480490457863,1,1
548.0630034045987,8.227668992473292,1,1,1,0.625586628610212,5,1
651.5765927133749,5.790358981308795,1,1,5,1.3657045175781997,3,1
826.6911149186623,8.672572386837704,0,0,2,0.1801035023252965,3,0
629.2330534381219,7.419019009366045,1,1,1,1.638040660316842,2,0
744.3819428146228,6.294988144241591,1,4,4,1.39745923419555,4,1
777.4634053429337,6.944230922342294,0,1,4,0.3119898885710809,2,1
607.3069528421917,7.558326912521722,0,1,2,1.1670299702871714,1,0
694.04746439382,7.076005391412411,1,1,5,0.8132455121077943,4,1
375.87326599309273,7.538755992446369,0,0,4,1.4755815834322399,3,0
597.561235866571,6.079326406920634,0,2,4,1.7621094298927211,5,1
674.743184860684,7.169360824036078,0,3,5,0.017063743470831227,5,1
575.221681803515,5.58628550309502,0,1,1,2.862633521251403,1,0
863.2411303931635,6.888773938651299,0,1,4,2.496645723780235,2,1
556.9858622039367,6.09609235853521,1,2,3,0.9123162797151559,1,0
655.9955513303016,6.264470057410233,0,0,4,0.10877707641935289,5,0
713.0740577286091,8.236093175210437,0,1,1,2.8124435170450837,3,0
844.1273289066115,8.091310120594269,0,1,1,6.209985679201388,5,1
556.413784882056,7.609138120907177,0,0,2,0.5492726680965122,4,0
816.316375215496,5.907687235327421,1,3,3,0.7817184319512247,5,1
701.0233061019587,6.683591550305198,0,2,1,0.40622329639624155,5,1
601.8491348952049,8.213097699979183,0,2,5,1.7204642053909505,4,1
746.2103474263271,7.141716913639905,0,0,3,0.33646194119216843,2,0
719.905969557347,9.319329539981695,0,1,3,0.8807155053540497,5,1
639.9783122841205,7.3933178393943715,1,1,5,2.3881308493465063,1,1
706.980208499002,7.192049116490032,1,2,4,1.6424883691326846,5,1
661.4686403138239,6.690883535797498,0,0,5,0.9770279937048786,1,0
711.3517345251248,7.133540904782282,0,0,5,1.090315232023923,4,1
766.2130674521047,6.8475301636194565,0,2,4,1.6515791146585816,5,1
858.6016816145352,7.708108676688591,0,1,4,0.011763985880151293,4,1
576.2184501173151,7.956702316794584,0,2,4,0.16352642209818383,4,1
913.3033374656267,6.21401053949205,0,1,4,4.261605554864578,2,1
504.7912200477498,5.6687670464422215,0,0,4,0.16215763152751256,5,0
684.8214904964417,5.163794626896704,0,0,5,2.4538251488571516,1,0
758.8317206484577,7.507991326912544,1,0,2,5.052411618993232,1,0
728.0991867735032,5.896633393826127,1,1,2,0.6312952556529727,5,1
637.7300480179406,4.847109407047517,0,1,1,0.9256316456507637,2,0
679.1877749642724,7.388578604530964,1,0,2,1.6829297049483627,2,0
650.6999065341167,9.492999517432791,0,2,2,4.269214663986224,2,1
641.0635243055789,6.993929088460106,0,2,5,5.691371572041672,1,1
784.9602097021025,7.838490774451642,1,1,4,2.690790484642117,4,1
735.7015485965047,7.081829358547565,1,0,4,0.18120602571681055,2,1
630.7090404739346,6.901110346808857,1,1,5,2.2122054775616515,1,1
789.959987543325,7.9190764829877685,0,2,2,1.0562953149271326,1,1
730.7299520876609,6.709725455811348,0,1,5,1.272403576892371,4,1
781.286211883896,7.267392314071903,1,1,1,0.10079452945290032,5,1
762.9628841923612,7.321697806196013,0,3,4,0.42406634988670766,5,1
617.1004989077928,6.331909546356951,0,1,3,3.1261929883147155,2,0
643.9818959803031,7.992042349536523,0,0,1,1.2101218174624542,2,0
774.7293605123261,6.825040243304591,0,0,1,0.7181047974954212,4,0
761.0370265433464,6.244254840507155,0,0,5,0.9690785603136942,2,0
697.9098406035852,7.536509843570403,0,2,2,3.8537776013634653,4,1
711.7327383308782,6.101532018208963,1,0,4,2.7645968502734566,1,0
827.7664895788425,7.028181157369128,0,1,3,0.6357751250924022,2,0
640.842861116417,6.990881003355796,0,2,1,0.2499971508066893,1,0
754.7097381170038,8.085895565831578,0,0,3,0.5806998470585969,3,0
679.7807347566106,7.474698232879953,0,0,2,5.070458541719151,4,0
678.231879677278,6.974973041254856,0,3,2,1.7425813768158385,3,1
809.8776851987191,7.817766299200287,0,1,3,1.5249096692205288,2,1
782.541634898803,8.390207549017314,1,1,4,1.8146302651639847,1,1
781.3509636000639,7.557810306351862,0,0,2,0.9115018174703353,2,0
830.5478807154329,7.01035261984338,1,1,3,3.2912395066039775,3,1
702.1003841632759,5.68816376764984,0,0,1,1.4816781431654102,2,0
768.1952971294963,5.934886336924627,0,0,3,0.24828923659538374,5,0
668.9733243406544,6.694775295645332,0,3,3,0.27637615021536954,3,1
732.4166352488442,6.390487797840716,0,1,5,1.539448103888758,2,1
686.9856945632315,6.813028697014554,1,1,2,5.51564356263716,1,1
709.6995964992718,7.0566499248971075,0,1,4,0.7373565984471913,2,0
759.5157025436913,7.529692754356731,0,0,4,4.073395144352313,1,0
618.1779316766527,6.9295012219409085,1,0,5,2.8886571677581587,5,1
909.238727568546,7.486501643826202,1,0,4,0.5695391502040152,2,1
599.3982618500298,7.06447441481012,1,0,3,0.0740350404302436,5,1
578.5811387212268,5.024533433646129,0,0,5,0.2148302835641935,3,0
815.8110873500068,6.060664606181246,1,2,1,2.607541593508799,1,0
779.1662693962936,6.855912444278385,0,4,2,0.44546161810964907,3,1
762.4119817052156,5.790305257158892,0,0,2,0.9281096625827293,1,0
762.8345509264279,7.599928729996204,0,1,2,1.3931026000370488,5,1
698.7753227153086,8.530750832343697,0,1,3,2.585376125650853,4,1
610.2745628514168,8.218761851697316,0,0,1,0.24034202153455467,2,0
707.5804558193727,6.786557129069792,0,1,5,1.0429859876948273,5,1
632.2838288487889,8.490726136849952,1,2,5,1.3274599189828142,1,1
797.5119733417752,7.148667457202111,0,2,2,1.5566567458677971,1,0
685.2942618497862,6.662914028881961,0,2,1,3.4114642077856487,1,0
617.4502803207488,6.38659733645906,0,0,1,0.3767070935471425,1,0
667.8614158347007,6.697530313511872,1,0,1,3.2987648739481794,2,0
741.2931454275624,6.611823181458771,0,1,4,2.361023217589068,3,1
643.6275447196025,7.170416222375488,0,1,4,1.6232795997178475,4,1
617.7779604433568,7.160573981049865,1,0,2,2.4048005521441764,2,0
724.3687211491913,7.003046020153414,1,1,1,1.0621169996474238,1,0
724.4966571108723,7.43693816974635,0,1,1,0.2979227026854559,2,0
649.305682462887,8.190646274786342,0,1,5,2.1918233188966294,5,1
652.8961694381677,7.949554135441324,1,0,5,1.4875016642878442,1,1
723.2049937357637,5.5151020315500965,0,0,2,2.0398321772646035,4,0
555.1915658502676,4.446078865098045,0,1,1,0.8249757634002646,1,0
559.2536225623445,7.934319911239274,1,0,2,4.747444323398766,4,1
628.1555778747564,5.633121301584579,0,2,5,1.7704073056756466,4,1
678.6552848288153,6.775234598107317,0,1,5,0.1785423680426007,3,1
731.0907565598004,5.82988697394064,0,0,4,1.1949613674133563,3,0
847.5356216949552,5.19801956241998,0,0,2,2.824094720340436,2,0
785.7659623202019,7.541462728204788,0,3,2,3.161065071842482,2,1
684.0061470036572,7.7591551603026465,1,1,1,1.3647985051053626,4,1
698.0983792097311,6.423489599273281,0,1,1,4.502787453396694,1,0
599.7470635362191,4.40895770785509,0,0,4,0.6230438258424369,5,0
698.148686400761,6.453755551747517,0,2,3,1.0572959967249387,5,1
671.1341361079861,7.3918040054025465,0,1,3,4.5773034410551015,1,0
732.271856033809,5.521088431225872,1,0,3,4.531671718084647,1,0
617.2769056447677,7.183359919779155,0,0,2,2.314895924471532,3,0
751.9346514241172,6.984690150827005,0,2,2,3.917714868895767,5,1
853.2738913002578,7.579291499601088,0,1,5,0.18592705799239387,4,1
689.1239851543143,7.119580368414153,0,1,2,4.004886575920747,2,0
740.1711722098942,6.026931059118445,0,2,2,0.7731490477531832,3,0
769.0143991711112,8.196571501664492,1,0,2,0.39283653012841513,5,1
659.8779528114163,6.84147042697303,1,2,4,0.5472160531188465,1,1
722.4092481810417,6.972695460490068,0,0,2,1.0824614455456292,5,0
701.2592400781795,6.066732040926804,0,0,1,0.578545352528409,4,0
709.7676098548832,6.55671774880849,1,1,1,0.772995029348238,3,0
622.6990216144534,6.115197285973099,1,2,5,0.29000180153214666,1,1
702.4510174258943,6.827053940076577,0,0,4,0.7024560835871664,4,0
749.799829124545,8.711708480142343,0,1,1,1.6985908428983458,2,0
845.1143607795042,5.628098857068643,0,1,4,1.1662683581641082,3,1
795.9270826085207,5.386438602123259,1,1,4,0.8514951103807854,4,1
915.3182457511557,8.471170327493608,1,1,5,2.7444052659574787,4,1
623.265243711195,6.7906763228481335,0,0,4,4.479407852644626,1,0
787.2320636720679,6.330927261340084,0,4,2,2.8276536322965056,2,1
718.3342005738352,8.039904687396076,1,1,4,0.8069363130408275,4,1
918.9802933217672,6.394384460263136,1,1,5,2.728613091958098,3,1
619.1701714644848,8.826009713546936,1,0,5,0.329702547478611,4,1
616.0278157819224,7.677925871339269,1,0,5,0.27925527539884,5,1
640.0607354555978,6.5120885918542974,0,1,1,0.848155620622842,3,0
487.6104275690193,9.157308213265503,0,1,2,3.2974218919703326,3,1
647.4244978319239,6.3942850769966615,0,0,1,0.5656497680728125,4,0
624.0867338446302,7.742095372009307,0,1,3,0.13068496076961833,1,0
715.0393786476208,7.299292580406492,0,2,2,0.2824579668823495,3,1
734.175597577716,8.301741289398798,1,2,4,3.914376577120959,5,1
887.6170839215886,8.561511196726853,0,2,5,2.0090600052735197,1,1
795.042383818605,7.0320041490657665,1,0,3,0.5839188502447866,1,0
642.3096344337597,6.246582129653817,0,0,2,1.620691987791671,1,0
610.1585328651643,7.459972142939116,1,0,1,1.4997721186355737,3,0
749.1919171506506,6.322284630247894,0,1,5,2.130950733450333,1,0
567.9766792979358,9.013387247526623,0,0,1,0.5310260748039098,4,0
883.1458765854354,7.1365353310827375,0,3,2,3.9961358663514077,1,1
817.9440120721287,6.634678448687891,0,0,2,0.7402979448887466,5,0
653.0824347895295,7.184680305864909,1,1,3,2.3692010227254054,2,1
528.6865470909122,5.6528737104703035,1,2,4,0.0325121261921971,5,1
835.3872374165413,6.028385961489349,0,1,1,0.9325240910777582,3,0
688.5460154747382,8.200413907944425,0,2,3,0.8668337421513528,1,1
823.7816311973462,6.343105721028604,0,1,5,1.5682649381727927,1,1
540.5572341205633,5.95308901731806,0,1,4,0.15103449325716037,4,0
640.0624977046227,7.536652752527286,1,2,3,3.1225470663983352,1,1
700.5243699718183,8.185704154662997,1,3,1,0.49124054613956053,5,1
704.6980593764742,7.718953310665067,0,1,2,2.2604400731025622,3,0
654.9934528520756,7.9960476858058165,1,1,5,3.251257796223046,2,1
762.2849932347499,6.2432049114305395,0,0,1,1.6505109724676172,1,0
593.2379570617405,5.578189333258156,1,1,4,2.7009527592556313,2,1
685.7620514978706,8.501333651955488,0,1,4,2.168592382808665,1,1
712.0295631711899,6.677320161157864,1,2,2,0.8786533812921649,3,1
751.4438834058749,6.749166983544953,1,0,2,3.309482983473816,5,1
771.161487808889,8.328194141849059,0,1,5,0.6982679540868602,3,1
587.5357908162131,7.55623000940066,1,3,5,1.693589590065348,2,1
546.5885829264378,7.455887772081607,0,2,2,2.7361054257143445,1,0
827.7676821898509,9.165002344901083,0,2,2,0.9527064017546638,2,1
733.2314011979591,6.356481769619857,0,2,4,0.7212730114811704,5,1
625.1513463443446,7.927840128081237,1,1,2,1.2299515598638582,3,1
855.1151975522523,7.057013124897084,1,1,3,3.407096063039529,2,1
711.5674634292859,7.268592278863257,1,0,1,5.31628598342503,2,0
817.9297184063827,8.528468426412532,1,0,2,1.575282403608108,5,1
706.7518481410109,7.507835756289624,0,2,5,2.166262710101634,1,1
906.0747924881987,7.538296079049633,1,0,3,4.6717382687833995,2,1
875.5340842443204,8.072507337309801,0,1,5,0.20749441639451396,5,1
675.1035851520926,6.635047270457115,0,1,3,0.5281357319977935,1,0
797.1570950954356,6.160790332660993,0,0,2,2.468176899412562,1,0
764.5375949585148,5.955190805978966,1,0,1,3.4716408320184526,3,0
836.8631557532349,5.0336434106239984,1,1,5,3.8902273292945897,5,1
603.5076539419896,9.056207129940322,0,1,3,1.0726533136680023,1,0
768.6051459998439,5.896791634278317,0,1,4,0.18717112067365418,3,0
805.8424486849588,6.778746376414228,1,1,2,1.1517293484713684,4,1
524.1260513576885,6.723186700111079,0,1,1,0.5246384655012079,5,0
581.6741487334225,7.307406697809101,1,0,2,0.6883537565763499,4,0
496.07678222398994,7.815737212539297,1,1,4,2.9591676680266468,1,1
673.0593165555442,7.860473488359745,0,3,1,0.15706305322214473,5,1
771.7542255795962,6.416922561431061,0,0,4,3.515657958718319,3,0
850.2357052096028,6.832878286213589,1,0,2,1.1160758671896953,1,0
707.4094780419775,7.2825799504883,1,0,3,1.812997317683196,5,1
862.8615545571292,6.751308873816453,0,1,2,0.18785717799965532,5,1
561.9898541785109,8.607345576019993,1,0,2,0.823044063656382,4,1
529.6617560644845,7.490974951638251,0,2,2,0.1879641460900021,1,0
694.4452301103381,7.734877786049817,0,0,5,6.5164666845752155,3,1
738.4065448939307,7.662881268667412,1,0,4,3.292843411710783,3,1
696.7305251905907,8.173473857485325,1,0,4,1.2310125721028553,1,1
493.25578999601237,7.181021558703707,0,0,4,0.5061814198461073,1,0
691.0879960487212,5.703168052044154,1,1,5,5.4197569001582675,2,1
569.5530499495146,7.399687951752641,0,0,3,0.845008697079072,4,0
766.9672548830039,6.348643106208171,0,3,2,0.3510520337826965,1,0
736.6598246096848,6.471383318250243,0,1,3,1.6563966592198696,1,0
606.0120213672644,7.586364018755093,1,0,5,5.756756271982622,2,1
648.6133082663307,8.238283071433635,0,0,4,0.007675289697028423,2,0
594.0786478111048,7.021271576736062,0,2,2,0.543945146018918,5,1
693.7320902726829,7.308833012598964,0,1,1,5.575734181887273,3,0
795.5142320501238,8.702214944635237,1,0,1,0.37527765737964025,4,1
601.4273953664456,7.240753179488569,0,0,3,0.24036960136219312,5,0
750.4046515517845,9.601683114180394,1,0,4,1.6888111013665825,1,1
646.9742381627559,7.565509645631544,0,0,1,3.958741036954072,2,0
620.7127167737656,5.239237240844182,0,3,3,1.2967676268711634,3,1
689.2969640045442,7.753341621104532,0,1,5,10.0,5,1
596.4757677580626,7.381158384882777,1,0,3,2.2736983769660273,3,1
644.6350694652818,8.289752754082745,1,0,3,0.1539238818476334,2,1
580.2122107411152,7.6731813512699585,0,2,3,9.876293948579098,5,1
896.472513291639,6.861544016016226,0,2,2,1.0481400119347124,5,1
703.5263551971728,5.775701763710634,0,0,3,0.6776771631840569,3,0
630.0274492007414,6.7909767427139744,0,0,3,1.6323441878671452,2,0
721.3979910734222,6.1494795457907,0,2,2,0.7256953172086833,1,0
688.767195030917,6.419476550195277,0,2,2,0.18085077536686617,5,1
677.9030400466777,7.58857840442061,0,1,5,0.0028587282670914935,1,1
761.4166700043426,8.669904504351406,0,1,4,1.1941594947987033,2,1
775.7507710047305,7.394671529822981,0,1,1,3.6263350571352717,5,1
646.9498852389472,5.804116937964816,1,1,1,1.6987375394212434,5,1
642.418175935532,7.44460266822014,0,3,3,10.0,1,1
672.4948302848356,8.196631486645652,0,0,5,0.6761175969023342,4,1
469.8078835264415,6.390217095680618,1,1,3,0.6582726023578703,1,0
548.4808937801448,6.865982833327083,0,1,1,0.3481103399793545,1,0
836.6874267444525,7.014688194729197,0,1,2,0.358405462617358,4,1
864.4967713501284,6.21510168691776,0,1,4,0.6714674875764999,2,1
675.0963960443622,7.648280433843859,0,1,5,3.148528111940478,2,1
757.6556963055766,6.8790518513922185,0,0,2,4.723753008885531,5,1
731.1250154543536,7.419532443907028,0,0,4,7.384744670870053,3,1
1000.0,6.1125078221979,1,4,5,0.5286855414925181,3,1
811.9574911434577,6.56254169967659,0,0,5,4.262270600722352,5,1
687.2082408519234,7.722381357827771,0,1,1,0.7957532153262272,3,0
604.4459559399575,6.627166847908233,0,1,2,0.23946108680120864,1,0
539.3553679742428,8.726963851233405,0,1,5,4.080825163361041,1,1
720.3463635867223,6.600363814385398,0,0,5,2.021783317055842,4,1
624.3649254715697,7.224684725751886,1,1,4,0.360002651819861,4,1
557.7746290402326,7.93259083187309,0,1,1,1.123645845027401,5,0
635.3427115757473,5.581634267066969,0,1,3,0.6772706945740254,5,0
591.8451996385605,5.239191188019224,0,0,1,2.669640888288661,5,0
868.7141635072564,5.474343685429905,0,2,3,1.2081353994331525,1,0
788.1639756949451,8.262584103427182,1,2,2,9.071278005359092,3,1
699.2027358683382,6.448141854107553,0,2,2,0.11260105570261934,5,1
847.9944138890025,9.558199285668252,0,0,5,0.8770572617895113,5,1
707.7368307647619,6.4357524013426115,0,0,2,1.3151746554106265,1,0
613.8715798671736,7.184551303197037,1,1,5,1.3988680216505869,1,1
852.3124077269657,8.542109952567875,0,1,1,0.7594070776789464,1,0
753.8910043684658,9.006092888159124,0,0,2,2.613046758672252,3,1
596.2753845673544,9.061503576636397,1,1,1,4.154840347865283,5,1
680.9661321916392,8.208366230593143,1,1,1,5.584580725828012,2,1
612.4381746615243,8.024062525811463,0,2,2,3.270469380976857,2,1
561.7200269035663,7.592526949201183,0,1,1,3.8019909338371027,5,0
792.6177547531641,7.778361076166638,0,1,2,1.5994404203426935,5,1
890.9416640470131,6.448814283671466,0,1,2,3.496115618291836,5,1
560.1432426180859,6.1818011165776925,0,1,2,0.7233861966758022,5,0
756.296923669057,6.996625542589048,0,0,3,1.0165868719532327,3,0
634.9357430878173,6.829815377475072,0,3,1,0.7622661370871437,2,0
651.2874616235304,6.546771950672725,0,1,4,1.2599216543082399,4,1
640.7606075761131,7.696387447456715,0,3,2,0.6725674342524411,2,1
613.6009230320184,7.955305208570511,1,0,1,6.519991678336318,2,0
704.8521627944828,7.088406886291847,0,0,5,0.750389704443864,1,0
616.9049883588962,8.477530081055262,0,0,2,0.2063802744034538,5,0
727.0456825779838,5.858310885866495,0,0,2,1.4965468481166866,5,0
694.9761890550863,6.8063405407202815,1,1,4,0.11758813829755499,5,1
676.105195313359,6.283177679397195,0,1,3,0.23428860357490602,1,0
609.2436337958402,5.13346338292694,0,0,3,0.495357662379425,3,0
642.3228669431667,6.917319314157301,0,0,2,1.248549565552647,3,0
775.5391225825756,6.878252491616716,0,0,1,1.1356772692103285,4,0
750.0917187624381,8.51344974324213,0,1,5,3.2157968161864425,3,1
602.2444755201449,7.630811684554778,0,0,5,2.6901102491443862,3,1
709.9332305429226,5.975813175670795,0,1,1,1.1113611112254733,5,0
775.138712337179,8.854092566334188,1,0,2,0.8120431485403785,2,1
533.0594718878629,8.221033695525353,0,2,5,0.7609659062779748,3,1
754.3360192379935,7.582097703468616,0,1,3,2.974397084617964,3,1
633.7376241054153,6.773515901150168,1,0,1,0.10695431502918205,1,0
757.0598668593159,6.04056076327652,0,2,4,0.02580911257774563,4,1
623.6740843457483,6.627793223928947,0,4,2,3.17480880499899,1,1
519.5117899335481,8.088748619704186,0,0,1,1.296907463396772,5,0
537.2457562116838,8.88458630593461,0,1,5,0.28055076700021864,2,1
704.8084946661382,8.543243528272189,1,0,2,0.537239005428635,4,1
725.9722501721482,6.511150578213726,1,1,3,5.391372494448564,1,1
609.5683374895591,5.880382566710988,0,0,2,3.9251379385150154,3,0
763.8592458777374,7.1408862469112035,0,0,2,2.4742668488699664,3,0
533.847993773104,5.231560634437148,1,2,3,1.3164298777598114,4,1
693.3920201352684,7.323167714184781,1,0,3,1.4692872474032037,3,1
578.8983800237543,6.852397413701332,1,2,2,7.397418035463376,1,1
634.8163892197841,6.533963498131758,0,1,3,6.749331588443348,1,0
704.7398671316414,5.405296932733204,0,3,1,0.48482870686282414,3,0
613.9586634716047,7.513600106569717,1,4,3,3.333123355804931,3,1
661.5444455770174,6.467299160338088,0,0,3,0.4394056203352539,5,0
800.6292809214441,5.830083164289712,0,2,2,0.4804204181854551,2,0
642.3108130476851,4.127737786718351,0,0,1,2.2545978938127313,4,0
783.5692112065142,6.972485094949364,0,1,4,1.0383914396076788,1,0
587.0293145342382,8.772251596669744,0,1,4,5.363140045729808,4,1
752.9804177915282,8.66125921454787,0,1,5,0.1864461354487976,5,1
844.15686206579,6.542903743413728,1,1,3,1.4329365954794386,1,1
452.83554998727107,6.39778793963822,0,0,3,5.014832941704959,5,0
620.3104744529523,7.468774256075024,1,2,1,4.689183504561534,5,1
757.707212718054,6.001614560811708,0,3,4,0.3404600223304269,3,1
679.6954613957007,7.301791899819466,0,1,5,0.9134253337035997,4,1
737.1145873371308,7.76608027838469,1,0,1,1.9305491798472265,4,1
639.6014813284179,8.226933223884307,0,0,3,0.347266542436721,3,0
708.65897874729,6.899845923520047,0,1,4,6.885424985523108,4,1
684.4322764607921,6.796326249823034,0,0,5,4.92431857737434,3,1
816.7782061659807,6.122017413243439,0,0,2,0.36532365904303266,1,0
725.4420843301214,6.17311964596014,1,2,4,0.25829451688325505,5,1
733.7602662075202,6.773521108098473,1,3,5,0.17855548536898655,5,1
658.8123033877532,7.367365506816178,0,3,1,4.803566250228472,4,1
651.2393775927507,7.913584626233249,0,1,2,0.4304098162739451,2,0
656.744181218038,6.196821049319655,0,1,5,1.0766846131093817,5,1
739.4452142378296,8.492688568959522,1,0,5,1.1915015047972444,3,1
657.9015519179737,6.728876398957431,0,2,3,1.827642787469133,2,0
728.9774856896413,6.978632705651564,0,1,4,0.14887679385501973,2,0
907.5400798645439,6.252788320852177,0,4,3,0.5143280237405676,5,1
787.1124703431692,4.575759739727058,0,1,2,5.361562413220563,5,0
667.3976467832159,7.884045396361049,0,2,5,4.780868709500075,5,1
820.1213922163945,7.736843897092434,1,0,3,3.0400231754444262,3,1
659.1924626978448,6.718672442881787,0,1,4,0.039183840054190615,2,0
496.1875464822146,7.066990717224872,0,0,2,0.7920400131774586,4,0
599.1913689082596,7.5159392177041,1,1,1,1.9775010087266396,3,1
512.9208078974144,5.437454143113458,1,1,3,0.6436920392340219,1,0
664.8486515958691,6.470947322653705,0,0,2,4.806727687610114,5,0
701.8418379189552,7.794264679621827,0,2,1,2.0096399486548555,2,0
867.6437312275283,5.745710576830751,0,2,3,0.14924606222921202,3,1
732.6927373764163,7.293557932166629,0,2,2,4.793914380256539,1,1
678.0899471191136,5.643418195376595,0,1,2,6.329090558573223,3,0
782.9405581183489,7.466429982433526,0,3,3,0.1617963868430236,3,1
478.88646909921147,6.964358517702516,0,2,2,1.5201140241407793,4,0
723.5614558108566,5.384868184094491,1,1,5,0.7229852958180841,4,1
777.0865193886967,8.164739354457172,0,0,3,0.9979228203562553,3,1
552.1413754220158,6.265408423201951,0,3,2,0.3960513704000728,1,0
814.375404320693,6.189747562985619,0,0,1,1.7258416747866183,2,0
733.8496407494414,7.2005691972309425,1,1,1,6.339188384354164,2,1
658.4712086099198,8.148637349428714,1,1,5,1.3986226811220857,5,1
763.2781866106285,5.984178181021603,1,0,3,0.17310932200665138,5,1
927.0692857804396,7.061679849847971,1,0,2,1.9351750708378748,2,1
718.1866255058495,7.428816500330573,1,2,2,0.8317067428668307,3,1
724.8220586300336,7.693105607263144,0,0,1,3.8748451951622647,3,0
654.0639100459756,7.176441555277226,0,0,5,1.1407201220533953,4,1
615.0155630535209,6.632972160916678,0,1,1,0.4284657613970563,4,0
783.0335816544246,6.17240977935128,1,2,1,0.4241738600321403,5,1
614.3916174091132,7.0861438830463745,1,0,5,2.9286344530146513,2,1
707.1566237219392,5.927860988014393,0,1,3,0.6173691059641075,3,0
652.2342553234884,4.078649516505393,0,0,2,2.915438038230605,2,0
747.8979825746392,7.4365598041576675,0,2,3,0.4610598036377814,1,1
733.3662105286949,7.903934841086195,1,1,4,0.7762910299277479,2,1
803.7539944257899,4.637067564458162,0,0,4,1.2527983509104428,1,0
648.9983601145253,5.990269295290062,0,2,4,5.736291774294297,4,1
673.0125064706629,7.619154261005198,0,1,5,5.368611434336113,4,1
602.1236284217692,9.057495469711698,0,2,1,0.46354100188671465,5,1
655.5706739923888,7.020793707675408,1,2,3,0.8870164384922904,2,1
737.7300493044852,6.271997058770865,0,1,2,0.3236251544084247,2,0
775.6988616645352,6.81710355889516,1,0,4,1.4266388759209,1,1
607.7834675822374,8.374876419148185,0,0,3,1.2345310386549742,4,1
786.960592010566,6.354035820875465,0,1,4,4.620431514216014,1,0
835.5637858804951,6.200807993349747,0,0,4,5.318673730941533,4,1
741.3434903223701,6.517256477817968,1,3,2,0.9676125492222795,1,1
887.6795812558066,6.046671391741287,0,0,5,1.3535162084298935,4,1
622.6210800896426,7.122670315994796,0,0,1,4.531277180606472,1,0
575.5345296688583,8.62467845846956,0,2,5,3.287104570871972,4,1
522.1279751095722,7.323079273116029,1,0,3,0.007326023978109708,1,0
849.6044311489184,6.7476464978737125,0,1,5,0.7715001580724368,2,1
765.4365656354057,6.708188731084456,1,1,3,1.0955818033651687,5,1
694.4415329089545,5.436809191303343,0,1,3,0.5219927385021728,1,0
727.996862631982,7.883109777147159,0,0,1,0.44521642900491515,5,0
587.4510952701623,6.922162802987198,0,1,2,0.07703369556829247,2,0
944.5751979616826,6.819520086409375,0,0,1,2.0621113566117533,2,0
712.9221181975228,10.0,0,0,5,0.6090062881260434,4,1
710.9394794604893,7.298752908365686,0,0,3,0.10753413155343639,5,1
772.5766623898692,6.248208949904816,0,1,4,0.5252748109071537,3,1
748.1009231736713,6.573642403794457,1,0,4,3.2381075221102535,4,1
722.3884024279131,8.148445709196755,0,1,3,3.8141949450557444,5,1
620.9525544554688,7.113270410537765,1,3,1,1.3196810930394491,1,1
747.1468357135996,5.561722021682633,0,1,2,1.0759506289002125,1,0
888.2024496475034,7.919228934575203,0,3,1,7.62016909182269,2,1
834.5420046154977,6.331855914461006,0,0,3,0.4476992500213445,3,0
859.3186626639397,8.873297776217546,0,3,3,0.4850587022693182,1,1
648.8784323568815,8.08004806571465,0,1,2,0.6902471996554749,5,1
601.039517974142,6.552678104341249,0,0,5,0.3793143574728483,5,1
687.4213079900352,8.281016361735112,0,1,5,0.9540261907634645,1,1
705.5724912288695,7.067855510527403,0,1,2,4.83451604735881,5,1
809.4191518470949,7.8527736751222195,1,1,5,1.9108316704649833,5,1
530.753537028518,7.484732817294475,1,0,4,1.0618748629887258,2,0
852.9550319460614,6.153643345009127,0,0,5,5.4486882959252565,3,1
684.199210142101,6.356450167682538,0,0,5,0.09935600456137306,2,0
657.311893005258,8.029960817581161,0,0,5,0.47214397384706797,3,1
598.7895624739832,6.665224667893459,0,0,4,1.668908215086933,5,1
534.514332813423,6.596351536758004,0,1,5,1.911896721526966,3,1
782.3170583961914,6.044877420650647,0,1,4,0.08072234010443517,5,1
707.3317967188403,7.423599065593461,0,3,2,1.0318061776289524,5,1
571.0039100258946,9.062524919243145,0,0,1,2.0948155959829586,2,0
570.4921227936384,5.932467085745727,0,1,2,2.3951237725152756,2,0
666.4215300709872,7.024219456672758,1,0,1,2.0329952257899255,4,0
866.9021525289393,8.412220555415429,1,0,2,0.772982190274079,1,1
674.0408648636395,6.9203586087542845,0,0,1,0.19637289651826176,4,0
549.6857046881894,7.452371796249734,1,0,1,1.1141316461896247,4,0
675.4256935914055,5.937606471853121,1,1,3,0.2756628200514909,3,1
672.727643025233,7.428307097207648,0,1,1,5.89860057619457,5,1
430.31133570584285,6.812855734995451,0,0,1,1.2893650569090755,5,0
694.5705133482188,7.985729995679863,0,1,3,0.7632799121552398,5,1
676.9065469791323,8.18738605156475,1,2,5,2.9074689157335327,1,1
769.6206364813419,9.589563642018614,1,1,5,1.3781055186377003,3,1
884.8956094945345,7.579633173213575,0,1,3,0.7422259855391783,3,1
812.6565029547758,7.325796316582166,0,1,4,3.342283495686443,5,1
673.111130944517,7.194384301577336,0,3,1,4.037101596217828,4,1
589.347409125833,6.6468337071893115,0,2,1,2.2356401635131835,1,0
957.335980324986,7.338483843461691,0,0,3,0.09620608763749794,4,1
705.9218434014489,6.704598589860971,1,0,3,1.6709099705545565,2,0
701.3929291912946,7.168460976269614,0,1,4,2.8818805342354716,3,1
697.5874912889997,8.317597535607959,1,1,5,0.2935297392559739,3,1
719.8084760767855,5.993457434720359,1,1,2,0.5192799111383293,4,1
685.5639588076058,8.139878561129045,1,0,5,4.282550574542103,1,1
642.6337993119764,8.317115067339865,0,2,1,0.04065384200848911,3,0
645.3141058759608,6.881931473008922,0,1,3,2.7945256938677976,4,1
696.7246729784001,4.878145100991405,0,1,4,1.2840463125503476,1,0
645.6575228866235,6.392178012905568,0,1,5,1.1839707059614157,4,1
628.7154217322835,8.296994546561109,0,0,4,0.014243665296481415,1,0
710.6430227691897,6.977131937701118,0,0,5,3.4229216854686793,5,1
674.5022782579144,6.0006977677050894,0,2,1,0.892027094585455,1,0
850.3992988582688,6.4952250787717825,0,0,2,1.5563891840974489,2,0
434.9030191606988,7.840620026504553,0,0,4,2.262068613560182,5,1
809.1506851922462,7.546733568201379,0,2,4,2.4255533998563616,4,1
824.6085192497629,6.761067900830306,1,1,2,6.246225078466943,5,1
492.660976759185,6.6331755881853125,1,2,4,1.515755240701645,5,1
665.7312405919652,6.608241850956178,0,0,4,1.0207166358555062,4,0
662.8559134004208,6.077589815501497,0,1,5,6.1453832938248025,4,1
559.2488305282179,8.615375689469442,0,0,5,2.0550605181278954,2,1
622.2183312409124,6.6776795307886605,0,5,2,0.7080721612537175,4,1
588.9424154534171,8.217158520825496,0,0,1,0.27041243535941706,3,0
875.2270443423622,8.521316051922451,1,0,4,3.697351843302478,3,1
793.5678393147462,7.9983108981479605,0,1,1,0.8994033600681709,2,0
827.1555094994159,6.5683796872819515,0,0,2,2.1603842999877774,1,0
772.1672064043235,7.40373009033661,0,2,2,1.2728397479823832,1,0
587.0948228782771,6.975804393609084,0,0,5,0.4436133401641581,3,0
647.5479733720226,6.096298139269872,0,0,4,1.8410323360403855,4,0
748.9374561227918,7.324359281721603,0,0,3,0.12520467393304208,2,0
577.7872191108055,5.820960208840198,0,0,2,1.066628072675355,1,0
771.2998430172388,8.187679388461564,0,2,4,1.5820269834928011,1,1
675.9674601841865,6.535382702701607,0,0,1,1.1455686367939182,5,0
662.5179192450403,7.201159655872839,0,1,5,2.761994234653484,3,1
771.0959968203491,7.283287871546142,0,2,1,3.5196491730829784,4,1
744.4263311486039,6.741095026295922,1,0,2,2.9501905956685426,2,0
663.9033834180921,7.586693801475275,0,1,2,0.07917249135285787,1,0
815.9329803364249,6.525096343377475,0,1,1,0.4316626281211456,5,0
591.8936672400102,7.871297297457244,0,1,2,1.5383617436553259,3,0
761.5935606944264,5.6540203197532515,0,0,4,5.4612678216314725,3,0
759.3101257968384,7.126379579546412,0,1,2,3.603095740016866,2,0
669.045356068601,8.938928999058284,0,1,5,3.6970978907377243,1,1
732.6133022242118,5.9996686753944255,1,0,4,0.7225372252799125,2,0
574.8886423614697,6.322255029475149,0,0,3,1.1223015706581698,2,0
792.4027019206901,7.513907849658915,0,0,2,1.2724222727447987,5,1
681.5097863557011,7.179581781939598,0,1,2,0.3424584100946526,3,0
647.7276979480961,7.350630099273559,1,1,5,0.06312195882604858,4,1
804.900922583689,7.489187130147664,0,0,5,5.871265912002593,3,1
629.565630945724,7.63472146856177,0,1,1,0.5507497965013063,3,0
559.153870363644,8.109699841956223,0,1,1,0.5487392320382714,5,0
544.3370826476096,7.409818656928513,0,2,1,0.17412251014433483,4,0
760.600995134564,6.7587423453814575,0,1,5,5.276332507908046,1,1
571.9570647503717,7.672573701202731,0,0,1,1.7337496933977647,4,0
875.4794181984364,8.899881934895216,0,0,1,2.199446954371048,1,0
491.8070592116278,6.867366253617426,0,1,3,4.851243774423941,4,1
869.6456368290038,6.025470695329359,0,1,1,0.8481346292319525,2,0
721.1017467202619,8.107080669286972,0,0,2,1.943117044751916,4,0
690.3286888129608,6.879618836046402,1,4,5,0.07914441567668787,5,1
645.508091319105,4.827330453985963,0,0,4,0.4134888309909345,1,0
739.913611435207,7.847421677150422,0,1,3,3.5586241816244084,3,1
696.2365297575152,6.464671814046078,0,2,5,2.911446280958914,5,1
810.3301882016522,6.909466717695839,0,0,5,0.8635443226442555,1,0
711.4227648662039,7.3319803305690145,1,2,2,0.9458096762479691,1,1
715.0301761461877,7.190499679779067,0,0,1,1.525227901010554,3,0
663.6387787786144,7.70945181713904,0,3,2,0.0004820674628612675,2,1
694.3054376278933,6.564513629430157,0,0,1,0.5521509435540393,5,0
730.7801768892059,7.513105798176083,0,2,1,0.4669732352914631,3,0
528.9831607343374,6.740453322416083,0,3,5,0.5766524177255749,3,1
565.1814577894287,7.738810480887503,0,2,1,3.2788237797923467,2,0
774.3264094022715,7.615367484013054,0,0,3,0.6561023850326512,5,1
717.0865438127942,6.064561297955405,1,1,3,0.4252019453382614,3,1
681.6016663647321,8.085982116175032,0,1,3,1.4034213286643369,2,1
701.8433933065393,6.464036554885952,1,0,5,4.014539998215989,5,1
734.7581705361671,7.808057798281145,1,1,2,0.5524287012600462,4,1
646.0240319690638,7.367287313401341,1,2,4,0.16358366572072172,1,1
622.1695274597687,8.838183676795122,0,0,1,0.8813704445304557,2,0
719.5845255097681,6.776534017628148,0,1,4,2.7538909930342825,1,0
602.1627222384968,6.650683203881803,1,0,2,1.6000868372043644,4,0
740.8252755714472,6.980580394112267,0,3,2,3.394281270234538,3,1
529.7416395762159,6.696820217165724,0,2,5,6.417462293587214,3,1
802.9155637325644,7.79994190194205,1,1,3,3.1468145330435426,5,1
747.2597482413044,5.383689391563412,1,1,3,1.8516878313622593,2,0
725.6029734313876,5.946317580853646,0,0,2,1.3598364923025796,2,0
798.2690983945514,5.932197078420807,0,0,5,0.08178792411193443,5,1
866.5474444462577,7.9503075919735755,0,0,5,8.31099094379766,1,1
801.437006501813,8.710613372581925,1,1,1,0.9673326730605953,3,1
515.9125768668355,6.8955507814625285,1,2,3,0.33028759918910755,3,1
572.0423033264299,6.83117827680999,0,0,2,2.197477725735312,2,0
637.5181422304321,7.070052163113181,0,2,4,0.6689556630071539,2,1
702.6091050210833,8.16187830260819,1,3,3,1.7627077421320103,5,1
751.7659020469123,6.072646865809426,0,1,1,1.767491754774291,4,0
627.4256186846535,7.2383689827347855,0,1,5,1.1802060464299795,1,0
718.6766764477078,7.975197629782429,1,0,2,3.617224756718363,4,1
624.4617067646677,7.5010941699398455,0,2,3,0.615679933126291,4,1
638.8482197008052,7.189581616598743,0,2,4,1.1907077783437099,2,1
559.3338903151778,8.00104609256714,0,1,1,1.5430484430145583,2,0
607.6766753889095,4.296767707000763,0,2,1,2.17905567962437,2,0
564.8315394383667,7.677875319530908,1,1,3,3.064693116111459,4,1
602.4126747022667,6.345924316872576,0,2,4,1.0044166619550294,1,0
805.364179660784,5.169367103143543,1,0,1,2.0771819701685326,2,0
605.0601111168057,7.511202599524981,0,0,2,0.32647591250294217,3,0
963.2382064837391,8.373658545162957,0,0,1,5.395648347478346,1,0
749.331790088089,6.862551485372308,0,0,4,0.9659631397275951,3,0
718.4836123694874,7.9528745472029385,0,2,5,2.61512475565907,1,1
614.1642219818787,8.612278257988645,0,2,5,0.04110162127073137,2,1
770.0309879408992,8.314914453584047,0,2,3,0.4592971838379324,5,1
642.4362173762227,8.639964529371394,0,0,4,1.3352807037443426,2,1
712.2009814645362,7.7421274910718925,0,1,1,4.211611572147392,4,1
956.0084538268795,7.075433638901592,1,0,1,1.4983989302112148,4,1
690.394010027535,5.398034188102832,0,1,5,5.314822987195381,1,0
814.9273326285676,6.753937511870052,1,1,5,1.3225099593430396,4,1
629.6823574874113,6.156753404683808,0,1,2,1.348451046077809,2,0
696.5011509503038,9.170942717497814,0,4,5,0.2550913451177851,3,1
877.080063563551,6.824114187567663,0,0,2,3.245616234729631,2,0
637.3032942212233,7.123204806784486,0,2,1,0.5672882385169236,1,0
881.2448557996929,7.551485376040468,0,1,2,4.597434951201892,4,1
770.7751935455475,7.043602446372454,1,0,2,4.834291609268689,3,1
643.7533224105732,8.695051040430753,1,1,3,5.740318848169962,5,1
763.2407739055521,6.377350638265548,0,1,5,1.4688989520753566,3,1
797.255444962673,7.194607455237243,0,0,2,2.260786706576163,3,0
762.1809962217196,6.257529414301952,1,1,1,3.0148087706953612,2,0
542.9775280109543,5.679977488779294,0,1,4,0.280857952481654,5,0
627.2862824175131,6.388230909094714,1,1,2,1.8373731742768205,1,0
675.2481364448495,6.962963202951588,1,3,5,0.06979975754569587,1,1
692.5566570899954,6.57069777548274,1,1,3,1.3765823138565974,3,1
762.0672097550678,6.307579020126144,0,1,1,0.33646498671224995,3,0
717.7701000933254,5.593682536328166,0,1,3,0.40404370140793117,4,0
566.4655641289899,6.9168944273713056,0,2,4,0.9084103821450565,5,1
738.0197851005963,5.4952796259689975,0,0,2,1.1328076326264778,3,0
761.0585745283823,7.760055963689602,1,2,2,1.9519351113134138,4,1
755.979044793104,7.082439752934503,0,0,5,0.15468761258992622,5,1
808.0780725554622,5.54244850053507,0,1,2,1.4011161923173876,1,0
783.3922154548904,6.6907909229501366,1,0,1,0.4033149049121731,4,0
745.9180079228437,6.247843594409417,1,0,4,1.7065153196745755,5,1
692.9834288541354,7.31917451041918,1,1,3,2.028935401424911,4,1
533.9039066484008,8.340450446023144,1,0,4,1.627058836923338,3,1
742.9618219132586,5.124827530354255,0,2,2,2.6810786287416466,2,0
720.7687687163111,7.115026079147417,0,1,3,0.8177696300152316,1,0
727.1578837195374,6.83986720443336,1,0,5,2.897246898309448,3,1
572.3251424179691,7.671340076450465,0,0,4,1.133970537935306,3,0
591.8943459591737,7.213196628237689,0,1,3,1.3240122646546368,5,1
805.3152853332904,6.248030668261181,0,0,3,2.0888285594910716,4,0
696.0444846143345,6.680946064333382,0,2,3,0.03705798079062799,1,0
768.1500697372625,6.203974143196511,1,1,1,2.1225996059326526,3,0
702.8318376130461,8.076007138598598,0,1,4,1.9277352972805097,5,1
702.9756139495745,7.021311648671942,0,1,3,0.7416842720220787,1,0
793.8283805975998,8.901190685753008,0,0,4,0.17939932325354818,4,1
648.3955271782626,6.9393391861853795,0,0,3,0.19067835025806096,3,0
709.6120776940984,6.291593233089538,0,0,5,5.133719784358459,3,1
653.7724711294958,5.486285607387173,0,0,5,2.337721818722428,3,0
656.5503772567685,5.196860323744055,1,5,5,0.27187454319664744,1,1
669.082787653136,5.4158640569945105,0,0,2,0.8823602350994404,1,0
722.2133771633713,7.267126651011483,0,1,3,1.7953452288303766,1,0
652.1251378336523,7.508725023229934,0,1,2,3.610561402030212,1,0
825.5756125573521,5.418809297967867,0,0,4,0.0892855034706789,5,0
610.5392697780496,7.895038314076116,0,0,2,0.5400330789898556,2,0
681.3128355838641,6.516938948316561,1,1,4,4.409991212757141,5,1
656.0268941725825,7.146793011985549,0,2,4,0.018415624547969772,3,1
844.6977884353732,8.612220628255425,1,1,4,0.4497879217598549,5,1
719.6554776511574,7.896839315865532,0,0,2,6.389546088143249,4,1
803.1844539468635,6.731469352094168,0,2,3,1.9007389770623775,1,1
551.4439626963028,6.1088077745847125,0,0,2,0.606732501680529,4,0
726.7050265869259,4.848184598670695,1,0,3,0.13868106610527756,4,0
788.9630795623438,6.28084668075758,0,1,3,0.05719269242322879,3,0
708.2283989275425,6.788869761172306,0,1,4,0.56139988771328,1,0
806.5480375065351,6.012820472848816,0,2,2,4.265445319299957,4,1
648.2711549899627,6.8687430329076955,0,0,3,1.0754129097053635,3,0
840.9347440185579,7.076851882958768,0,2,5,2.5483139786187294,1,1
929.889812361925,6.775144018191922,0,3,3,5.009036256809872,2,1
663.7161439560341,6.349997419176541,0,0,5,1.0486339874719395,3,0
655.4497478599228,7.168654671966728,0,0,2,0.42459855474351293,5,0
845.3384477117701,7.441940649569409,0,0,2,1.4559656368142218,1,0
857.9572145730713,5.9096009225571535,1,3,2,4.773753515726689,4,1
647.7139972846732,8.41093237974627,1,0,3,3.2631054457378963,4,1
657.9813182904143,6.901411867715738,1,1,1,0.13619335358557533,5,1
671.8215391139493,7.018849622944848,0,0,3,2.359033935969253,5,1
565.5549488965723,7.708214423256557,0,1,3,1.6967853571057008,4,1
608.1348053515802,7.233216131263502,0,0,4,4.76029724025963,1,0
599.5859233247932,7.953136633913245,0,1,4,0.2613142929755501,3,1
623.2202434895871,7.287124165201824,0,1,3,1.5272942880136091,5,1
696.5315112613218,6.387562625359562,0,0,5,4.23159195311027,5,1
723.421473253652,7.361503525206102,0,0,4,1.0553461188130662,5,1
855.0500492814077,5.856273792679338,0,1,3,1.3155404508885467,2,0
600.1645959261209,7.108559705776523,1,1,1,0.14613233578478826,1,0
798.4322398476584,6.966770009355539,0,0,5,0.6518582157445373,1,0
678.6011155774491,6.79188314272746,0,1,2,0.7846239299192741,1,0
695.0536290347567,6.871462488561069,0,1,3,5.80530183309403,1,0
767.4819492166604,5.118150954502361,0,2,3,0.6644312273323887,1,0
587.7277978437701,6.4512750922590385,0,1,5,1.235592407800299,4,1
738.2409746184051,7.092844901141115,1,4,4,2.225246512316325,5,1
716.6452208213057,7.1598563919974,1,1,4,0.3539120478681661,4,1
749.2451264008149,5.972324859074042,0,0,4,1.332786118987947,2,0
728.9168643907818,8.265707840864701,1,3,2,2.6829405943218894,3,1
945.5300139910894,6.1338251517855,1,2,5,4.03263623804999,5,1
636.2260015748684,7.969457200526737,1,1,5,1.9683859394708947,2,1
646.9003044998183,7.427194361871685,1,0,4,2.2115971887420565,4,1
637.6859473575236,6.353772690156197,0,4,4,0.26999859055518755,3,1
644.4522880839745,8.775310892609513,0,1,1,5.829281668771439,2,0
636.2612872693483,5.80636316824352,0,1,1,0.28445032544033544,3,0
818.9016531107552,7.919154173610002,0,1,3,2.9804046394487105,2,1
842.0504247989854,8.000582318042978,1,0,3,0.6152698172945322,4,1
642.9253706250523,6.329379790923355,0,1,5,5.423909940638334,3,1
616.7644426895771,8.392465300064329,1,1,5,2.5456423680009466,2,1
747.1415556386404,6.749953485401047,1,1,2,2.8033335306283083,4,1
644.7776955719029,7.288693629279857,1,0,2,0.4945117955490316,5,1
763.293181775551,7.260321838771221,1,0,1,1.1705236259366998,4,1
720.29230208513,6.865691258529452,0,1,3,1.9236915410136153,4,1
548.4255885002768,7.8108082731597825,0,0,1,2.9391225463746364,5,0
854.7505201330061,7.793488720552213,0,1,1,0.21953905530302317,4,1
879.5877673095522,5.2514680267618195,0,2,3,6.559658438095513,5,1
638.7211309515613,8.304340242878153,0,2,2,4.418566048091783,5,1
661.2298440064015,5.337508011964326,0,1,3,0.630376760232196,5,0
728.5865390724905,8.032546204341656,1,1,4,3.4605038077131005,2,1
733.4456789987025,8.126705136827583,0,2,4,1.4609668607060295,3,1
765.8544272672831,5.9090335697848015,0,1,4,1.2390741675958605,2,0
901.020453876635,6.589185712045415,0,1,5,0.7550213177371172,5,1
682.305277250595,5.894295331514064,0,3,2,1.739618779261282,3,1
620.1702755461546,6.785078969711265,0,2,2,2.6178454582317405,3,0
562.0680771985473,6.691965715814259,1,2,5,1.0584303766848104,5,1
626.9069960058081,7.7796605322693395,0,0,1,1.9842884154192486,3,0
696.6873027126203,8.310308746119608,1,2,4,2.4033703203293104,3,1
879.4557863517788,8.395683810789956,0,1,4,2.483500383789095,2,1
648.2388700963828,6.437831973421698,1,1,1,0.10673003180308291,3,0
722.3787951638899,6.790778126255472,0,2,3,3.9286261779249028,5,1
698.3577103927248,5.31656180777905,0,2,3,1.2259135144186057,1,0
818.8393273448085,6.194129933503811,0,2,2,0.608750819421831,1,0
952.6932425873622,7.9648516330974575,1,0,5,0.553522530882859,1,1
646.9131227079679,8.615582823548232,0,0,2,1.3194794048335943,5,1
651.0560557481778,5.765651128120078,0,0,3,4.357755538501992,1,0
804.4160877069072,6.407535740847106,1,2,1,0.9507483108634798,2,1
768.1891489626312,6.973594243041073,1,0,2,2.7703958990659547,5,1
884.6707325736033,7.280161158819607,0,0,4,0.20366400966592785,5,1
758.3928185325964,6.190396480078354,1,1,4,1.2927436214563843,5,1
664.070790921294,7.424061044464089,0,2,1,9.579662649197534,3,1
759.0654830692309,6.526160652929084,0,2,3,2.94316254880101,3,1
810.8703580582908,6.985547729121721,0,1,4,0.4727830601855874,3,1
782.0482181197364,7.546284248003699,1,0,4,1.3920685833060318,4,1
750.7274031107298,7.006422269810938,1,1,5,0.5321667289950548,2,1
806.6674689589154,6.5636141094734315,0,0,2,1.0537776555495104,5,0
816.9295590445672,6.890390196074169,0,0,3,3.029019463300267,5,1
838.2158991037527,6.911637040794664,0,0,2,2.9500309675912293,3,0
764.8709887589642,6.629988970117872,1,1,3,0.5178015212014533,5,1
683.2881919683145,6.741203937332898,1,1,4,5.107827223873424,5,1
714.6713686433322,8.598647170504718,0,1,5,1.7957633599380072,1,1
820.6508966508356,7.560919447941239,1,1,2,0.955827394092789,5,1
618.3064329012764,6.704519681970839,1,2,4,1.394051708923013,4,1
736.8673308872901,7.696954404510736,0,1,3,1.8580998376059052,3,1
660.6661187672639,6.66618051024399,0,1,2,1.6414635835073297,2,0
702.8744822934817,8.17312463758664,0,1,2,1.3326406620946387,2,0
827.8451862607299,7.369642192198094,0,3,4,1.4061235526244158,1,1
719.1099068019903,6.892697855995771,0,1,2,0.38816953071190546,2,0
704.6436548156149,7.447716925810278,0,1,5,3.350438723957759,2,1
564.0143859020081,5.429123847931501,1,1,5,1.5607258256909142,3,1
774.625356602722,5.873232531090195,0,0,4,0.28100811727146713,3,0
764.5484181141076,5.806074993600944,0,2,3,2.9062115267649005,4,1
916.3254723305461,7.142943094763707,0,1,4,5.389596150713019,1,1
669.2221765047,8.732514999485092,0,0,5,5.886541494634703,2,1
721.9150327663939,9.231300146192632,0,1,1,0.9209550378274459,4,1
724.9383683710755,7.638051101440757,0,0,1,0.29124698467635224,1,0
857.7453279763474,7.500844474944457,0,0,2,1.4612812194485145,2,0
690.4704467613047,5.198942265847261,0,0,2,0.23893968106004163,2,0
727.9021525770339,6.457326200265978,0,0,1,5.43581985305265,3,0
760.7896509716539,6.212216248091761,0,2,5,0.4056517882274702,5,1
718.6609123156359,6.379152401748884,1,2,2,0.5827534049355456,1,0
655.3566385449471,6.83185618141521,0,2,4,1.0438962565387562,2,1
719.4089992898307,6.527909422302873,0,0,4,0.9663057045895764,1,0
807.3631749859773,5.020700189624212,1,2,5,3.1662044462130936,4,1
597.348470058894,7.7479102561175335,0,0,2,1.218777185000447,4,0
713.2969674146876,5.927256974260193,0,1,4,0.37451124259787716,5,1
629.9879185060827,7.239246864111149,1,2,2,0.621791938757772,2,1
819.5046628924842,9.074082669749973,0,1,2,1.4230842098350782,3,1
547.6813095216226,6.080615408413577,0,1,4,0.31905603096061447,2,0
644.1078152728412,4.469712477253671,1,3,1,1.8917257979869906,1,0
737.7211875064521,6.713995778119889,1,0,4,1.6682573426993883,4,1
856.5524029234341,8.10095963499857,1,2,5,2.5084442798125104,1,1
693.4249738927012,8.958347454220593,0,2,3,5.551735878137877,5,1
644.4800473306801,5.770450405547583,0,1,4,4.866630792695664,4,1
888.115706944059,7.496699223236522,0,1,2,5.840345096821285,3,1
555.1986099583756,6.5346895432199466,0,1,2,0.5613218159602987,4,0
480.1194043379918,6.894051645695864,0,2,4,0.2821257817541388,2,0
744.0014450053333,9.644343347017035,0,0,3,0.7198653477278415,2,1
649.7945775647389,5.497029671604847,1,1,4,4.5092128544067425,4,1
597.8767182869287,7.253739661494573,0,0,3,7.154924805594347,5,1
770.8356447299353,7.467693171765434,0,1,3,3.922605331686485,2,1
724.3800713771199,8.085786324939347,0,0,5,0.23310745566689628,2,1
643.5921369263272,7.097983153470896,0,1,2,5.891143166913338,3,0
571.9695601329106,7.308050539504102,0,2,2,1.101067406141785,4,1
787.2457328280145,6.608351432578209,0,1,3,0.018707804843896586,2,0
765.0201177958661,7.269126941245108,0,2,2,1.168204388509682,5,1
690.0824136220617,6.656807724502589,0,1,1,0.09432823012673468,1,0
884.6636996047666,7.6215718898560505,1,0,3,1.5699895770911014,4,1
592.9915233673847,6.630389663956366,1,1,2,0.8266539457854504,3,0
547.4474829075261,7.377100393902187,0,1,1,1.2827607442531204,2,0
630.8091930118755,6.970737186315022,0,2,5,1.8995417830223356,5,1
695.4413983644503,8.126050250772169,1,0,2,4.062081509554001,4,1
724.3339449322692,6.948606276411514,1,3,1,2.1688364640355817,5,1
675.876394214367,5.226967531793118,0,1,4,1.1384950891478587,5,1
735.2055396514297,8.261921500713992,1,0,4,3.423249756823544,3,1
574.8460575809556,6.094267699137381,0,1,1,4.720050006214094,4,0
844.3764604073259,6.34623366135118,1,0,3,0.255121286571301,2,0
691.7848821607431,6.404338705956508,1,1,3,1.5182875659216628,3,1
811.7295831588127,8.374438093170816,0,0,2,0.6695807906977482,2,0
734.2725346377704,4.864325786021304,1,1,4,0.09640918684049504,1,0
745.6753219153784,10.0,0,0,3,2.208536678700571,5,1
756.9767280232204,8.056056809066051,1,0,3,3.972205188180581,1,1
744.7708560017315,7.223238914129159,0,2,4,0.3556298247218544,5,1
764.2722759867544,6.945105999383713,1,2,5,3.3470320937867064,3,1
832.9152530132432,7.285554074857657,0,2,3,3.8400367744073756,2,1
719.6521169701471,7.521122428379338,0,0,1,4.914748949046918,2,0
770.9003757588512,7.645215585950057,0,1,2,0.6165454626406541,3,0
691.0264305712773,7.555604466003448,1,2,3,4.685836605434136,4,1
844.0117215449472,7.089580681255248,1,1,3,0.7732751908000078,1,1
632.360769794073,6.802661579692674,1,2,5,1.6074336513231193,1,1
880.0940432910816,6.848726716346488,1,0,1,0.10365523387175346,2,0
695.9842049355657,6.805091719647319,0,1,2,0.08974597822865851,2,0
556.9224897881952,8.133770096867064,0,0,3,2.5485989350654723,2,0
712.8104414910789,7.593556722280862,0,0,2,1.1757012546153878,3,0
631.8948342525119,4.059611365335719,0,1,4,0.5922145980635876,4,0
784.0643548988724,7.655900776529761,0,0,3,0.42246330115824926,1,0
634.7376020697609,7.194736194718775,0,0,3,2.2170433953240383,5,1
655.3816566785221,6.981291243554103,0,0,4,0.0008032493314596991,3,0
511.0459269054469,6.611481546911114,0,0,5,3.2786725873797433,1,0
654.7693680750923,8.124112719986014,0,1,3,0.16513259177227513,4,1
457.61206733710435,7.947526462122858,0,0,2,0.4251235103191076,3,0
541.6097176514277,6.227122332176391,1,0,1,0.9762908672005708,1,0
776.0414656144297,7.407052287124535,1,2,2,1.3266282482322638,3,1
778.5800158650832,6.028343265458714,1,1,5,0.8769947796670987,1,1
742.5457561784965,5.620381835211069,0,0,1,0.7734206621256903,1,0
603.3023856870786,6.3732827754100345,0,0,2,6.643812119546893,4,0
695.228864385802,7.862393472382759,1,0,2,2.0520978130581344,5,1
699.6397460909432,7.953125045376087,0,2,4,0.04742374584870003,4,1
584.1635310807458,7.513085420097293,0,1,5,1.1248551541792453,1,0
850.339830176715,7.725095786847997,0,1,4,4.159022284107295,3,1
787.7362290575671,7.5161782871149585,0,0,1,0.7175147539982146,4,0
677.9035826170336,6.3585184047770476,0,1,4,0.19866045727093024,5,1
702.6885838994531,7.431922544673941,0,1,5,2.840817566818388,1,1
720.8382807947553,7.800409525227682,0,2,3,1.8628789534744061,4,1
495.82651315757096,7.754291329813574,0,1,3,1.689394193803111,4,1
675.2822617479403,8.188913371474642,0,1,1,0.11013039733940364,4,0
631.8015752002201,7.708303847201064,1,2,3,0.30280660417905425,4,1
599.8379990105085,7.351448207541583,0,3,4,1.9486311395008973,3,1
671.8899707114045,8.070150238316428,0,2,1,0.4659429789988924,5,1
879.7686526849523,6.97347874075094,1,1,5,1.4026413041098549,5,1
764.084286126701,6.118125348772282,0,2,1,1.574395726257362,1,0
642.8821010217204,6.836933036056236,0,1,1,0.6667741340684848,2,0
757.2582781356159,6.255097355193551,0,0,2,5.929442471721089,3,0
