idade,renda,tempo_site,numero_visitas,avaliacao_produto,historico_compras,valor_compra
56,8882,42,5,1,5,583.8653357491921
69,3906,56,19,3,8,920.8509890547961
46,5086,36,11,2,1,457.5027877908906
32,15503,20,12,2,2,591.7618772729664
60,10152,4,10,3,9,770.2298095666087
25,7750,54,8,2,4,591.2922451035602
38,14772,7,9,1,8,831.458143093847
56,12267,54,4,1,3,585.4023593786937
36,3062,1,5,3,0,173.9770274259468
40,19680,44,8,2,3,672.37399501761
28,8229,56,9,1,5,555.3787375312595
28,18509,45,15,1,4,747.4367451030186
41,17147,42,15,4,0,680.3583508372989
53,6632,47,16,4,3,602.9253641365506
57,8288,59,14,1,5,669.1638477254209
41,5596,13,8,3,9,810.1614890786431
20,13475,55,18,5,9,997.6099242395177
39,8168,22,10,5,3,544.0422485057481
19,11795,54,6,1,8,835.7720568790877
41,9561,21,12,1,4,545.8957076155299
61,10258,22,2,1,7,624.7815006394513
47,18616,28,7,3,8,909.3692855157517
55,8371,9,16,4,9,912.7873041768281
19,16369,26,3,1,4,579.0309198147702
38,14910,9,13,1,5,650.1438860364981
50,9943,15,3,2,0,317.9330557634478
29,14199,10,18,3,6,795.8033659950122
39,17728,24,11,1,3,628.1702804962893
61,8738,58,8,2,1,448.5333987441011
42,17913,57,6,5,4,744.0015512810229
66,4472,42,1,1,2,309.22211037239936
44,17679,8,1,1,5,571.0396194996881
59,3761,24,8,2,7,615.0599568185578
45,12167,16,5,3,6,607.9676774919004
33,12554,49,16,1,2,616.4730573927694
32,19260,26,11,5,7,915.236988792883
64,16277,27,5,1,1,475.9136867474286
68,5812,37,4,5,9,800.563721521245
61,19844,4,6,4,8,866.8426423418379
69,3605,50,14,4,3,633.5898786136831
20,7622,24,19,5,0,536.4586903915798
54,8767,19,9,3,7,684.387315859893
68,13613,36,12,1,6,755.5981741135595
24,12589,39,11,1,4,652.097014802733
38,15918,10,14,4,9,949.5389233453972
26,15046,25,16,5,4,656.1361170814458
56,4590,18,1,1,6,519.924481198674
35,19447,19,13,1,4,793.0965519698622
21,6324,36,13,3,7,757.2380365621509
42,12787,10,2,2,5,521.466145107234
31,11111,33,4,4,4,615.77742798557
67,7342,55,6,4,8,839.0389105233287
26,18389,50,5,2,1,583.5267582708207
43,10659,5,3,1,0,203.69659220455566
19,16043,47,1,3,7,810.9990126287497
37,10837,49,4,3,2,535.8911030625732
45,2117,35,2,4,6,584.0626731529728
64,15917,44,5,3,9,924.1043658960846
24,16309,34,3,2,7,802.562874079918
61,15234,33,9,1,5,721.9557690014226
25,7560,55,6,2,9,778.4490343963136
64,2846,21,18,5,8,891.4679093377742
52,12954,17,6,4,6,700.3055697483741
31,15703,22,19,3,9,1004.6737049007758
34,17385,48,12,5,4,793.5098495500847
53,15746,37,11,3,7,843.9478505600871
67,8469,15,2,1,1,364.2753748553532
57,11333,35,15,1,6,749.1441020075393
21,18608,28,12,1,3,576.1026935808416
19,14819,7,12,3,8,822.5135072015136
23,6208,32,9,5,0,425.01473584052377
59,8283,11,2,1,6,606.2907392148525
21,4048,10,3,5,5,570.6347342474417
46,8233,9,12,3,7,687.8032360626478
35,14941,14,16,5,4,861.6694958339446
43,14607,13,1,3,0,355.308765548899
61,11765,57,3,3,0,485.41953689995074
51,3828,25,2,4,8,680.6942783211385
27,3917,2,9,3,9,769.8379622352726
53,8988,35,19,3,5,801.8534252259202
31,16594,7,15,2,9,980.8497355877129
48,14977,21,18,1,4,744.6384152689112
65,2009,18,11,4,0,389.6998500036489
32,18644,3,16,4,5,766.6856634402947
25,11865,42,17,4,5,774.0626979021969
31,4219,54,5,2,2,456.8203755162099
40,9041,39,12,3,7,845.0664036170534
57,7287,41,11,1,0,373.73396496116965
38,3619,49,15,5,0,537.4485982857193
33,10512,11,3,3,5,639.750837274309
62,3342,39,1,2,9,665.6039540463291
35,12568,24,16,3,0,451.833964810186
64,16231,46,2,3,5,677.2912470547332
41,5490,19,2,2,0,268.2806334094598
43,11310,4,3,4,5,554.8716493116475
42,9984,26,8,4,2,579.4501339433573
62,19988,38,15,1,7,917.0833430759226
58,14219,42,7,1,5,668.1623524120371
46,2235,32,6,4,0,254.55452380657363
32,12161,39,9,5,4,623.8192091786246
62,3908,45,1,3,7,663.1304625140903
18,10567,46,8,5,2,471.04021869225824
42,5530,36,3,3,5,617.9318704822035
24,7256,40,4,4,4,564.6523077813839
26,10162,37,15,1,5,857.7746484797367
41,7415,33,6,1,9,885.5458125308055
18,5391,36,15,5,0,466.8375465376241
61,13157,3,3,1,6,582.2531498734342
25,7951,9,14,4,8,867.2890757001014
41,10007,8,14,5,1,591.2286304959018
28,11064,33,4,3,9,744.7385471281991
68,17524,59,12,1,4,643.9212267322657
34,2077,6,17,2,9,761.6682597222809
25,9577,41,7,1,3,546.9068791586932
52,18984,39,9,3,5,792.6836795253798
52,16060,4,3,5,5,702.0885727491925
50,19449,13,13,3,1,500.5051235817346
22,12535,49,15,2,1,447.5428068515562
59,11510,2,18,4,3,672.0007097651073
56,8943,5,19,1,0,368.0201863517383
58,13954,44,1,5,8,736.6156067805681
45,9804,27,6,4,6,699.2931872979691
24,8565,32,2,3,6,669.3087844109339
26,7984,21,14,5,2,555.7371433939362
25,6670,8,6,4,2,399.8075806908755
29,11184,38,14,5,0,519.8718883927047
51,4192,8,4,2,2,319.3908618799609
50,3248,50,8,2,2,385.07764440299167
65,13246,3,3,1,3,402.7259661504784
40,14790,54,19,1,3,741.9639952506907
41,5687,44,14,2,2,540.953927068825
54,6018,58,17,5,9,1004.5829902983411
52,13302,3,8,2,7,659.262575907331
61,3970,22,14,1,7,684.6248418932167
57,10389,6,6,2,0,207.03674767785725
39,19586,2,16,2,6,808.7838331942695
44,17374,23,19,5,1,731.1828853906784
52,7788,44,14,4,0,412.1733933978947
18,7408,2,19,1,2,458.7836163341122
52,11446,38,3,5,3,586.9153389355065
54,2922,17,10,2,5,615.8621317213742
64,2419,35,19,2,9,851.7787691849926
31,12789,34,9,4,4,631.2774835367052
20,3120,23,13,1,3,378.7538428791958
18,13260,30,7,1,7,737.7719064654053
22,19334,52,14,3,3,849.4438020071873
43,4336,8,9,1,9,733.2279230982338
31,7373,22,19,4,1,536.6160510408143
56,4243,44,15,3,2,556.5341155383493
44,6612,58,14,3,5,731.5653998025699
26,15946,36,6,2,7,740.8092813869936
32,13104,5,4,2,7,712.2039957838853
32,15429,13,8,1,8,791.5780761555877
43,8371,29,17,3,6,772.5906625966829
59,8359,31,9,2,1,376.82169863608755
30,9863,47,1,4,7,797.805396596738
68,5228,57,14,2,6,779.5151372666554
49,16382,55,11,2,7,846.1739581316349
56,4891,16,3,3,2,421.00124268409684
66,5756,42,9,3,6,666.6814580807396
69,17770,30,14,5,9,988.5998253744482
49,18478,57,9,4,8,930.7948441259856
21,4674,55,4,3,2,368.18657234559544
47,8898,16,4,1,9,754.5571190209102
54,12147,12,8,4,5,563.9127560830825
40,2793,17,2,4,1,250.50780843671188
56,4116,16,9,3,1,269.3805995460733
62,7779,12,14,4,4,617.4865153604553
32,14298,8,9,3,4,601.4639769864065
60,16153,20,16,2,6,785.1951893406817
46,13111,3,17,5,1,504.9811152664712
53,12789,16,16,2,6,701.278312328168
30,13397,30,12,3,4,697.1884931773287
49,14999,45,3,3,5,652.4624034145756
24,2814,23,11,2,7,689.9579160768072
68,18729,28,14,1,9,909.0275656937888
39,12541,51,18,1,3,686.4631371385541
45,4443,40,5,1,6,659.5939018658032
19,12457,54,16,3,5,831.878290019639
59,12380,5,5,4,9,793.179309089176
62,9783,20,3,3,1,390.6899485177963
23,13473,40,12,4,7,852.6967412734894
45,19368,56,1,2,9,906.0740092347364
45,17328,44,9,5,8,934.9994473925748
61,2827,1,9,4,4,492.05323970573045
61,9147,57,4,1,9,826.0746676537088
37,6451,30,3,3,3,414.84206502090245
47,17343,21,17,2,5,724.6360586505011
28,15635,20,2,1,7,616.9228723084394
45,7959,6,1,2,2,261.57644477481455
42,2126,22,8,5,9,734.3958653889761
56,10795,18,13,3,0,441.92312534020647
50,13641,8,15,3,3,567.7706242254058
18,9196,39,8,5,3,625.6407232115548
44,13559,32,12,3,0,481.3256874376281
69,5368,33,12,4,8,721.2547893280973
30,5797,53,14,2,2,576.7187792110846
58,17114,16,15,1,4,713.6799322795855
20,15718,12,15,5,5,731.4868662582574
56,3792,38,9,4,7,754.9295771447496
23,13053,52,19,1,5,751.7050881295401
25,5476,34,8,1,2,427.64351883741676
44,5417,14,19,5,5,658.9450796522518
26,3645,36,6,4,0,258.79467737327116
54,16755,33,19,1,3,674.4091405193515
50,5072,23,4,1,5,500.53355268625825
68,3854,50,7,4,6,668.6560153192697
59,6662,45,4,3,9,747.418472088872
61,8514,2,12,1,2,409.1450468934431
41,4708,41,13,2,8,812.5447376290366
32,13694,21,3,4,6,686.6953484938732
49,11524,2,12,1,0,368.3650515299607
49,8456,27,2,5,1,375.0542399772884
41,6212,57,2,2,0,394.705895735808
58,15224,9,9,1,8,721.431333172261
69,9970,1,1,2,8,676.078014854336
66,18920,11,8,2,6,790.2945546479981
66,3625,3,6,3,9,736.2954046374448
69,12314,52,6,2,2,517.0137886467585
29,9973,23,18,3,4,659.3151476668511
56,10577,26,17,4,3,709.5743825523127
19,10070,4,12,3,6,617.5512537369164
20,10666,18,6,5,8,754.1537869810178
66,5600,55,8,1,1,396.1221117254139
54,8783,6,19,4,7,881.7126878755998
66,15226,35,10,4,8,921.2483818020448
34,11146,22,1,5,9,767.0577120744878
66,6971,43,13,3,9,880.1946147307549
19,15490,15,17,1,8,844.1838427951852
19,19589,22,3,3,9,844.4005503883233
45,14951,37,8,2,6,792.454477927839
40,14312,52,14,3,8,878.5328435368248
54,3990,42,3,4,8,814.3390427867187
49,7299,12,16,1,2,518.4014845092312
50,14997,47,13,3,3,738.513083530185
18,15472,49,17,1,1,569.5730243987371
36,6380,42,13,1,9,840.3029640460445
19,6757,38,6,2,2,371.9124092737644
61,12395,18,17,2,4,643.7168796466599
43,18241,45,14,4,4,817.0927423821576
49,7588,35,17,5,5,830.6831530890698
23,19350,30,8,1,6,698.1421591598775
49,6944,24,11,5,6,709.1647031507367
21,15395,42,1,4,0,420.38503898837394
28,19072,30,7,1,1,420.93053989037577
34,6243,14,17,1,8,809.9974620879201
55,11916,6,10,5,9,844.9604834128695
41,11984,3,11,3,1,436.07048244114884
22,3759,16,9,2,5,526.9925314044061
69,11181,7,9,3,0,336.34307471401627
51,4482,52,5,5,2,498.4677507259723
23,2951,14,17,2,1,406.72952107159887
39,4079,9,9,3,2,390.1971058860667
28,4717,15,17,2,4,550.746918915983
65,11692,21,19,1,9,934.8962335391478
33,9311,35,7,3,5,725.7908634246143
50,2768,2,9,2,8,668.6743616419565
26,7490,27,7,2,9,838.7059107455564
23,17534,2,13,2,3,529.8289037423269
33,8645,35,11,3,6,734.3380719646885
46,7232,18,14,4,5,623.4515840514466
20,13485,14,19,3,1,489.0037536234049
37,7797,20,11,5,9,841.0014296270482
53,14342,18,13,3,7,879.0149667206787
36,10038,10,14,2,6,747.8807914334823
43,18002,25,13,1,6,792.17023610272
20,15087,2,1,3,7,598.2349720055034
36,6873,25,8,3,0,348.9159674306032
37,3481,54,12,2,0,417.8950004450868
49,12093,33,19,1,7,855.7068114789299
24,16422,36,12,1,3,534.0303208259627
69,18438,31,8,5,4,681.8641075990064
58,9643,14,8,3,7,711.2261117925642
50,17708,1,13,1,4,655.8945454758596
57,13271,46,12,1,9,804.9036089450027
56,19216,16,16,4,3,706.0538012260071
35,14600,54,1,4,5,701.1524384939477
57,12998,46,13,1,4,714.4605994258106
18,16295,52,7,5,6,871.5928792118718
28,12682,3,5,1,9,781.9485659404402
45,18380,35,8,2,6,733.8029746649032
42,10519,41,14,3,3,541.7898931438347
67,5300,6,13,5,4,575.34736214693
40,8722,25,15,2,2,577.301591260428
48,9218,13,17,5,3,707.8527263762217
47,5054,53,15,2,3,632.0674551148892
59,15575,34,18,3,2,685.2170411400867
52,9970,8,18,3,9,924.6819824192983
24,4143,21,2,4,4,455.624062661961
33,11503,34,4,2,4,556.526985322319
43,17149,4,1,4,6,752.9434762913165
65,14175,25,4,2,3,474.6220997104062
69,10356,15,18,4,3,724.2989395354925
66,17070,4,5,3,8,772.5985922753971
19,2822,45,19,5,5,824.491605454754
18,19327,12,15,4,3,626.929249525123
65,16289,32,8,2,1,526.1852100582324
29,8150,32,17,2,5,668.6614932026189
22,6425,28,1,3,1,269.4866404037906
54,18032,13,12,2,4,677.2467021205472
49,4198,31,19,1,5,714.4535894297985
26,5452,14,15,5,3,540.2729280703252
58,11106,20,9,4,2,446.10920197707986
52,15859,18,7,5,6,759.9977617832523
36,19692,29,2,3,1,480.548233561141
65,10705,6,9,4,5,666.4659813777249
33,12112,32,10,4,3,662.5997285682245
20,6841,29,2,1,5,513.4392409363753
37,17358,43,19,3,3,852.3551657397131
41,3409,2,11,2,3,449.3017372267646
50,6566,23,13,1,3,494.338674699655
41,13382,19,10,1,8,711.2416320448585
69,19939,31,14,5,6,888.2570239841916
28,16596,51,18,5,2,731.1406527294432
66,2804,5,19,5,2,576.0552398140735
25,15221,19,9,1,5,673.3341812033427
53,3279,34,7,2,5,501.8215439183691
55,15192,10,3,4,3,540.5327193205519
57,9083,25,6,5,8,834.4065585864525
37,13093,2,2,2,3,521.3315679693917
52,19771,11,6,3,8,884.085198370703
65,14880,50,3,5,3,666.8423327155739
42,17517,31,16,4,1,630.1742997307582
52,4106,56,8,3,1,462.4756002711725
42,18086,15,2,3,4,653.3352450353079
46,6831,9,17,4,3,519.6711301260175
35,5186,23,9,5,6,670.3880336391522
63,4573,19,12,1,4,485.10156256218795
35,14808,9,3,4,5,645.0376559363062
19,4599,35,11,4,9,917.5011087825394
52,6033,21,1,4,3,412.48128566394627
33,10428,9,13,3,1,342.7647816265281
58,3304,28,15,2,9,808.4289627487765
53,19685,46,5,1,8,904.5236866008704
50,10633,51,17,5,9,1055.211495147494
21,13372,7,6,5,6,729.1293123905289
50,10996,16,11,2,3,527.9603349062761
31,18458,16,18,4,2,612.6284631890107
38,7475,33,4,1,9,776.5147160812234
65,9184,4,3,5,2,388.1259094982688
37,14875,4,13,5,8,995.9548366690228
25,3622,39,9,4,4,612.7453604177258
24,17988,40,6,2,2,530.8475848723025
20,10041,17,12,1,4,543.8407376305686
34,18725,37,2,2,1,466.6027896693206
50,9992,39,3,2,3,485.9449038989125
65,17646,52,3,1,9,936.3016887764977
29,19029,29,12,1,1,547.6108084872022
68,6263,52,15,5,1,530.0484130545736
39,16060,36,9,5,7,967.1220342577892
39,17156,38,8,1,0,450.02541657601114
63,10646,39,11,3,6,792.9019837984449
47,13664,50,16,5,4,766.2286746277621
55,4969,37,4,3,7,691.8457813872262
55,5028,52,1,1,0,299.8354995571597
62,5629,35,7,5,6,601.8075353951923
68,5067,7,2,2,4,525.433755523032
25,7941,27,5,1,3,517.9422230461273
44,19770,28,7,4,6,783.8402341927007
44,13555,22,4,3,9,774.4365129772071
51,15081,14,5,1,1,416.1880806901776
38,8819,7,1,1,0,236.52488497071982
47,13046,37,1,5,0,432.2434474281615
50,19717,22,15,5,0,600.7488698097045
45,4711,5,19,5,4,672.4220494652964
64,6853,55,10,4,9,980.8952849695903
50,9715,2,18,5,6,809.5551602564323
22,10942,27,3,1,1,310.93722505450296
65,17507,21,11,5,9,1045.1981426356226
36,17826,54,15,2,7,1008.2907281744143
21,3762,38,11,5,3,731.2228367256042
52,17850,15,17,4,2,602.32529833802
66,14112,21,17,2,9,955.2641006575137
34,14652,10,6,1,7,592.4150648405506
61,8122,23,5,1,1,374.87745781896047
45,2481,58,8,3,2,453.3999850916614
47,16536,56,2,2,2,633.5322897412477
46,2153,39,16,3,9,830.7992514990709
63,9617,5,12,2,0,281.71084810163694
23,3524,1,6,2,5,463.67681296487405
52,4120,13,1,4,1,208.4256114391431
58,17048,21,4,3,0,450.0349727253655
54,4343,26,17,4,1,392.175847687184
41,7136,50,13,2,5,692.782879059158
46,3240,45,18,1,3,468.50940900719013
66,2060,21,5,2,5,486.5851097731679
63,11130,53,3,4,8,909.4689077902267
48,14312,18,11,3,9,917.1523945717897
52,15350,37,13,3,9,924.3253197517533
50,14418,45,4,4,7,802.6198255530459
69,3252,32,14,3,0,397.4208436022223
38,10363,36,11,5,7,859.2615172921703
49,11650,17,10,1,8,702.1570818359587
40,18314,35,19,1,5,842.7683636923665
50,6090,49,18,1,9,773.6804184198612
20,8960,11,6,3,4,500.1057723818095
35,5004,21,15,3,5,627.6263078774227
42,18713,52,10,2,5,812.7963413035619
59,5640,55,5,2,8,757.5315426338434
48,3341,53,5,1,3,389.13184730718564
20,13855,26,10,5,1,491.3003437091492
57,2338,4,5,2,8,631.3140004773703
63,7895,34,3,2,1,362.99663290677216
41,14254,52,6,3,9,887.5837945182127
67,13344,48,4,5,8,845.398310524401
49,3750,18,18,1,1,458.30839985796445
64,4421,40,9,2,7,678.3253713565393
39,9119,35,17,5,8,926.7854377985464
40,7319,41,13,5,9,1043.686829404027
19,17896,29,15,1,8,835.7758681558039
44,13918,52,17,5,9,970.5878634212671
59,15849,29,13,5,8,985.6694832399303
19,6873,38,16,5,1,520.7978469352948
43,6806,42,4,2,3,466.14812361286897
34,10592,21,5,1,6,578.8621810934444
57,14182,42,5,5,1,512.8299929616243
50,18774,13,9,5,0,583.6669056048171
26,14045,49,17,2,2,688.556422930906
60,6430,41,13,1,3,589.4111755943488
65,10820,17,2,3,7,601.3886472103677
56,6232,56,13,2,5,636.7623131723565
46,13122,9,19,1,1,367.2660670257287
59,17023,41,3,5,8,841.7609589458623
43,10007,1,10,1,1,419.9051593192829
52,19905,2,2,1,4,568.8973257874185
67,11018,48,13,1,3,595.1043368523939
42,3500,29,19,3,6,741.8849858140974
41,8737,33,17,1,7,758.9257228712297
30,5294,10,14,3,4,583.1779441200893
24,6497,50,12,5,9,973.2639139740307
53,19850,58,12,3,4,713.7056606294764
62,2614,40,11,5,1,481.1223843918674
37,11374,21,7,5,7,822.3617435477333
18,4667,28,4,3,1,331.91498555183153
25,15409,11,19,2,9,991.1250306060292
63,18514,55,1,4,5,875.8727222236276
33,4983,34,3,1,7,612.6128603506553
31,14651,8,13,4,5,742.1753525002662
29,10230,59,15,1,3,603.3971458169303
68,8640,22,2,1,3,429.4625581301025
40,13779,8,11,5,5,736.8035812491152
32,17317,49,4,1,3,590.912117013507
45,19304,15,19,1,7,832.0552340145571
51,9564,17,17,3,8,869.9580885662725
19,17520,23,3,4,0,504.3097969358819
49,15737,24,18,3,3,717.8017882257263
40,11323,45,8,1,3,601.329359453592
39,17229,19,19,5,1,638.4394014993686
68,13713,5,5,3,5,644.6250119711855
42,10502,32,7,3,2,512.9833919108263
39,2545,44,8,2,6,585.9044635156384
39,6346,1,5,1,4,451.38605023994376
66,11996,23,17,5,3,636.3751668279845
69,17775,37,5,3,4,630.1059862557604
59,15919,8,4,3,7,734.6564153646187
23,5810,13,19,5,2,588.9622136690062
32,9206,8,2,1,6,488.5983767461435
60,11005,57,11,2,5,776.7492885591438
54,18371,23,13,3,0,548.3103139150237
50,14316,43,15,2,6,783.9235782194557
25,10436,1,12,4,6,629.4807601775412
61,14984,45,11,1,0,462.59477104592844
61,2271,51,7,4,8,752.412814306942
22,12616,24,5,4,5,659.8170228526511
56,6361,35,17,4,1,515.4541669422217
21,9069,24,9,1,4,448.31715696274955
23,19304,17,14,1,3,617.622653084942
62,5430,5,12,5,6,669.0190444465843
49,14676,20,6,2,7,768.4430512387029
69,12816,21,17,2,0,445.2500162694475
47,4050,40,19,5,4,794.4337336686283
64,13692,58,19,5,2,647.3379724674122
52,3165,31,16,4,0,499.2083748901312
57,4033,46,12,5,2,541.1140514560947
69,2145,36,12,3,5,666.4292436171778
33,16269,11,6,2,6,688.6800742029367
30,9832,52,4,5,7,849.2977768012734
67,16286,15,6,3,3,543.4919017723595
59,4632,19,11,3,2,399.3889787411094
47,6494,7,1,3,4,519.9652143635532
36,17152,51,15,3,8,977.8459677058929
34,11155,28,11,4,5,718.6279236812105
36,12426,51,19,3,8,1037.9975957022398
45,12233,43,18,4,5,766.7322378952782
43,3828,58,17,4,1,584.0545448819628
54,14260,5,19,3,4,673.1052621768555
43,11130,5,14,2,8,794.6915322177814
40,6805,30,18,3,7,821.6639482692144
26,2806,54,19,3,6,711.0489069276532
29,10202,32,15,3,0,437.07814785897824
18,3868,8,15,2,3,562.233644620657
18,16561,10,4,1,6,689.9195594292398
64,17512,38,7,1,6,737.9880211336383
51,16899,47,13,4,5,835.1461729256447
49,18220,32,3,4,7,791.4878747181772
65,17934,48,16,2,5,893.1691692913992
42,7429,28,9,5,9,860.2723711102917
57,11076,17,8,1,2,456.3521046067424
62,5564,31,13,4,3,634.9415072071032
18,3389,8,17,1,2,401.02142575770466
33,13593,40,17,2,0,603.8694592248447
56,9274,25,17,2,9,826.2169295128311
22,19208,9,1,5,4,701.56210655564
39,19320,2,8,5,0,458.5662208024013
46,12745,15,19,2,0,475.3150626087359
20,16199,50,6,4,1,457.4894914408529
29,17876,3,3,1,3,462.02026413111537
43,10245,49,5,3,5,608.4596734486558
33,9214,36,13,5,7,813.7576827313263
68,2726,4,15,3,2,438.394451710556
54,15832,14,14,4,0,554.2095807236453
39,13362,41,16,5,2,686.0001675700313
46,12106,41,18,3,2,658.4438326700556
31,9657,25,11,4,4,581.7940305577218
45,16551,58,3,1,3,537.4722955198635
22,9906,55,10,4,3,728.9962509175656
64,9287,50,10,5,8,856.1099482618376
66,2892,10,16,2,6,731.7304126028648
47,12222,21,12,1,3,542.0669400559567
63,6675,36,2,3,2,418.8643968071752
69,3933,12,9,5,5,656.8482580114965
22,19764,27,3,2,2,585.2346210969329
29,13873,40,15,4,5,793.1893719860457
33,19674,2,3,2,8,751.327847323923
43,15239,54,19,5,5,897.5939775738893
43,12874,13,18,5,3,701.6378764116059
65,19602,53,8,2,4,766.5851843434878
38,7016,32,17,4,5,734.3714929497075
56,15774,31,8,2,2,570.6843149011577
53,11752,16,7,5,7,851.4379866135471
50,19338,32,7,5,3,696.4454806132393
47,17585,32,3,3,7,795.4326428002389
54,9291,34,1,3,9,704.9644587454966
40,2974,11,4,1,9,530.2034931585468
27,6133,10,5,5,2,450.7487864615084
22,16663,15,1,3,9,811.8887884359564
53,5972,17,15,2,6,657.9808662542629
51,7295,40,5,4,8,795.1265102093173
69,15913,18,13,2,3,612.1098135401546
48,11105,55,8,4,7,887.4390125316949
27,10228,9,8,3,2,464.5855434129489
36,11903,25,5,1,6,601.6838357464916
49,5020,40,9,2,2,509.70831194796443
18,10987,59,1,2,6,667.0134462526898
22,14880,14,4,2,9,833.1268341836153
62,7233,58,3,4,9,824.4594646903599
21,11516,25,2,3,5,562.6686557251281
33,16559,50,8,2,1,539.7984115092848
41,18701,22,9,2,2,561.6514321771842
33,4396,52,2,1,5,561.9513517683417
19,3591,30,14,1,3,492.47771233451283
66,13303,20,14,3,5,631.2120108114801
45,8183,21,4,3,0,302.19130582058057
49,3312,44,6,5,9,870.8109233571907
44,9314,32,11,1,0,372.2711960378447
37,4139,51,3,5,2,461.0708298742726
41,16688,46,8,4,7,918.1988252952968
29,8924,49,3,5,7,731.6413386370539
67,2362,56,14,2,3,488.479839087855
52,15481,21,13,5,5,768.7784440237252
50,5738,35,13,3,7,743.1713024375631
50,4469,58,2,4,6,612.3776840123373
68,18106,32,13,2,6,806.2910772050654
60,18940,30,19,5,3,813.9752823623392
54,11017,55,6,4,8,859.7055719216092
29,4808,39,16,4,9,931.4290536343118
20,18370,49,2,2,5,782.3703849257712
18,16870,12,8,5,2,555.5560569221218
50,14713,41,17,4,4,793.0474317322335
57,9561,47,2,4,4,564.1493318700433
27,4719,18,10,1,4,460.87201400565135
60,13700,21,16,4,7,839.7546173291115
61,5741,13,6,1,8,639.4720714239155
46,11766,21,2,5,8,797.6337898773562
30,5998,8,2,5,5,663.4337893350379
29,18077,46,13,5,5,816.967828186208
48,2294,40,15,3,8,792.108734719227
63,12177,46,2,5,3,580.6138493444375
19,11882,7,7,4,5,652.6099424354873
68,3136,23,3,2,3,410.5375405977393
67,4064,44,8,1,0,392.8447896974059
52,9009,32,14,3,6,632.7703964732397
40,14987,11,7,5,9,772.5235064902164
34,6543,22,7,5,5,604.6360913994926
43,3007,22,1,2,8,678.9350093771853
25,7445,43,17,2,6,692.1675984197202
46,12706,25,9,3,6,576.6783830153121
43,16749,22,13,1,1,540.0489703109605
27,13718,28,19,5,8,995.3628611851358
43,11439,29,19,3,9,917.8795796600285
51,15281,13,17,4,8,879.5330199639534
68,3435,18,10,4,5,551.8628140182662
58,2571,2,10,3,2,395.23676587369704
24,4382,29,4,5,0,310.50423619084967
21,7084,21,8,3,3,527.543195948776
67,18661,15,18,5,2,553.8786668547805
62,15507,52,14,2,0,496.22740674360995
28,9059,27,18,3,2,528.2873019544476
46,14771,50,14,5,3,724.8929660813754
53,19649,31,15,3,7,891.5876120754931
42,9491,15,4,3,8,764.8021889947883
38,16527,51,13,5,2,604.3031614169971
53,19424,23,8,5,5,772.5145738165376
27,16859,24,18,1,9,994.5068211605853
54,10073,44,12,3,4,761.5623718280978
26,11077,13,14,4,5,682.6817014453262
41,13383,22,2,3,3,524.0529302176259
52,18378,43,18,3,9,969.5868603718817
66,4353,37,2,5,5,467.9321897843488
52,6799,33,11,3,6,746.228718789085
65,19070,56,9,3,8,952.4219853175965
53,13939,3,12,4,9,954.3156344899211
35,4428,54,17,5,6,753.6098555515125
66,13296,19,15,3,5,756.9551069764377
56,9813,23,17,2,0,547.5708920271927
49,16414,29,18,1,1,593.1252804178632
41,13801,30,6,4,0,451.83907527955245
40,13745,39,17,3,8,945.8778040412176
49,15025,44,18,2,9,929.7059271437043
54,5356,47,8,3,9,905.3386467855173
29,16288,25,9,3,8,832.3371180097467
66,8540,37,6,5,6,744.6241628191508
30,18422,47,5,5,1,500.06828467143737
40,5342,8,12,5,5,580.447016774611
42,11078,42,11,2,3,666.5343699611118
52,4844,58,1,3,0,317.07488555210784
58,12396,16,11,1,0,458.6237738021273
47,19482,8,19,4,4,776.908467047074
34,15998,1,9,5,1,409.8851113521072
66,15261,44,2,5,3,655.213379986586
37,5093,5,12,3,0,311.4353841122196
65,13722,3,4,3,3,528.1544406758522
42,13645,1,4,2,5,569.7105433770041
39,17083,4,18,2,9,871.6740886028565
30,2988,40,15,5,3,618.0947382685284
36,8446,35,19,3,0,614.27115710764
66,18335,32,13,1,6,821.9993229257229
53,18133,42,19,4,1,682.4541123497269
29,3682,34,17,3,8,888.5871700978448
58,7626,43,6,3,2,492.7934232601555
36,9424,25,16,2,7,804.7167115131397
29,14857,10,12,4,7,763.9887413920449
26,14155,21,19,5,2,685.2424012894799
24,19317,46,5,3,3,696.9421708208473
45,13425,39,17,5,1,590.4468923949987
31,3980,27,1,3,3,485.0247910623474
48,17522,27,10,5,8,924.6346987927437
69,10984,2,15,4,1,449.451524423073
36,19175,41,11,2,2,673.6316038460122
64,17883,48,13,4,3,720.4902882130866
33,7390,13,5,1,4,507.8757443743054
22,3607,9,1,2,0,189.48206838707313
52,8573,52,12,4,6,786.7386928235048
29,19368,36,11,1,9,970.3580102167147
42,7776,22,17,3,6,766.3048528795002
69,5676,42,4,3,8,640.9834109774131
38,5380,26,15,5,3,549.7378129952804
53,10711,58,9,2,5,749.5804992395408
40,10782,54,19,3,1,609.2131705549226
33,19434,12,19,2,3,672.153434861429
56,15997,17,12,3,1,456.0412992371263
62,8342,14,5,5,9,757.4331839362077
59,19343,14,10,4,4,600.3400680019026
56,8059,57,17,5,6,859.5259640649234
31,10884,34,5,1,0,316.9181209709477
48,7655,53,16,3,9,904.2206054507342
22,14091,57,7,1,9,891.5038287416023
52,17251,20,9,1,6,740.7085315426369
40,2526,11,3,2,9,771.9198966104973
46,5224,16,15,3,5,568.6458290218393
60,17069,51,16,1,5,860.6590521650262
28,13536,31,18,4,7,956.0150780507536
35,15547,55,14,1,7,836.515363031165
64,3763,6,3,4,5,519.7917977293015
29,10712,56,12,2,2,556.2383375331192
26,7797,19,9,1,4,535.254429020937
27,11208,37,7,5,1,581.5365506702275
61,7109,58,9,2,4,647.3703116315656
34,18500,4,13,4,8,928.4304186616721
55,4433,47,18,2,9,886.8145340022678
24,18967,4,5,1,0,293.46716675378326
63,6167,20,13,3,9,831.2465894729796
30,19773,10,4,3,4,678.0604077431958
57,10357,24,2,4,5,525.2116071705176
59,8154,54,16,4,6,776.7855315911652
26,10920,35,9,3,8,835.5133868117034
67,19162,26,9,4,5,714.3872607576369
44,2213,37,6,2,4,456.5038276442394
19,5762,38,11,5,6,722.4400709135912
22,15399,21,1,5,0,337.7091297904925
46,11768,54,4,2,4,556.9739076891816
54,12640,40,13,5,1,621.5713958393654
55,8731,39,13,1,3,499.9415108884517
36,7791,21,13,2,6,610.0163932752581
25,17822,10,2,4,4,566.7187510233053
65,10783,38,9,2,5,700.4277751254922
62,15621,46,8,3,1,528.3639096001556
18,18019,4,7,4,2,514.9609460942191
39,4720,57,4,3,6,663.4179398757803
69,10905,45,18,4,1,521.7646283570174
34,11127,20,3,5,5,656.0052826887515
24,18385,17,6,2,4,637.0217515701822
42,8368,55,12,1,9,863.214576295214
62,16056,7,12,4,0,524.8562255898208
21,14236,4,8,4,9,803.9851950523481
53,16451,29,1,3,3,598.9054496626784
23,19301,14,4,5,1,518.7346832797625
48,12433,3,11,3,3,533.5023705060912
36,17525,24,3,3,0,412.25631823158443
61,2089,37,13,5,1,469.5267617094529
56,12361,16,17,1,7,856.6241448208858
44,18369,58,10,3,5,755.8560436264494
27,5041,55,12,3,1,452.28403804267003
43,2105,52,15,4,5,756.8651446036239
36,11078,4,10,5,9,839.003253240807
56,8090,56,14,2,8,917.9266538665795
20,8082,24,13,1,6,763.7917991504354
62,19018,34,5,1,8,808.0902486529184
30,3925,30,6,5,4,593.3181163287653
67,8917,18,2,4,6,567.4853859330071
45,2552,19,17,4,6,751.2566649033904
37,5911,31,4,5,2,471.0811992993384
45,5389,19,14,4,6,735.5419141080107
25,15629,49,10,1,0,442.0113963982302
58,4430,46,3,1,8,603.2458292216413
56,2458,19,3,2,9,707.7426032374751
18,15395,22,15,5,5,694.7798423760273
20,2207,24,6,3,4,474.2024753878733
30,2899,45,17,3,6,796.0490933209985
45,13653,12,12,2,4,630.1248867936517
66,18405,30,11,2,9,1041.4671322394906
42,10601,58,4,4,4,693.2654576290887
50,2894,38,6,2,9,722.2450805837212
55,2514,53,1,2,6,582.5056689925719
23,6109,31,16,3,9,890.7214648727783
61,15258,36,15,4,6,775.4711618326937
62,17313,19,17,2,2,574.1100541757824
49,17349,48,8,2,2,561.451954651007
62,9179,45,12,4,9,829.9789748572032
64,12326,36,10,5,2,597.6346734125822
38,13787,30,15,4,5,765.416407767348
33,3560,55,9,3,5,561.9553049344213
38,15612,49,2,5,2,594.3306432638666
28,19650,55,5,1,2,612.293637234548
54,6780,33,6,4,7,735.1517239432444
53,13894,18,7,3,7,738.7365912395516
52,4356,52,1,5,6,687.1321075875927
36,6790,49,7,4,9,899.9110180238346
37,18690,59,12,2,3,730.2701784859844
35,12181,28,16,4,3,626.5793874782619
64,9057,59,16,1,2,602.4000382755589
58,18082,47,11,4,4,824.5940325412739
66,2661,11,4,5,2,358.7785470694135
31,6644,57,13,5,7,965.3369669566216
32,17711,54,7,4,6,808.8284533007308
48,4920,45,4,5,2,480.8203506670068
18,18002,33,15,2,8,902.3957201996832
20,16025,17,19,4,4,775.4135417960131
33,10946,6,9,2,8,664.3489153682362
40,14732,4,11,2,6,678.0179100591639
28,8236,20,8,3,6,607.7539399825716
29,18309,48,1,4,5,725.8569173946146
27,15518,47,8,5,1,628.9023687754454
49,2352,27,13,2,8,779.8203093557275
33,9005,15,4,3,5,451.4670319570553
25,16036,6,8,4,7,884.463482646394
55,18542,47,3,4,0,504.1839970310434
29,2956,14,9,1,4,428.73504297535
41,4071,11,2,1,0,210.56639594954706
45,10595,39,2,2,9,802.7594911251347
25,17140,9,13,1,7,756.0575641524218
45,14803,26,15,2,7,849.9258333671038
53,5453,16,12,5,0,376.1563856189846
43,8675,5,4,2,8,656.5319003654988
25,2955,57,8,1,1,359.2360432122458
67,8295,52,9,5,8,805.3164355130174
45,17921,10,5,1,0,376.5018235107692
45,17282,50,18,2,9,1072.0849718258169
54,6703,3,11,3,8,768.7741798038186
58,8563,13,15,4,3,632.6262626317617
53,14003,43,9,1,8,852.2470105007434
44,12817,49,17,2,6,809.5337250891549
34,13171,30,12,5,5,803.6931932215595
26,14582,54,7,1,4,575.9441230079032
50,14201,45,10,1,8,806.976430874376
37,19778,6,10,4,1,491.5699964288377
30,14473,17,13,2,1,552.7328029569655
45,11461,59,19,3,8,1029.7494257070039
65,17596,45,11,5,2,700.3252618522498
46,2529,51,13,2,7,800.8864932605899
30,14765,53,8,5,8,889.6858608794006
63,15910,19,8,1,7,764.5297559930491
52,13561,42,4,4,3,583.3512785808418
23,11131,35,15,4,0,553.6541051942457
35,2525,46,11,3,3,531.4887883723901
68,18385,26,11,4,8,906.602855579496
22,2374,51,1,1,1,332.7854259280495
64,14197,5,17,3,2,625.7784583595617
42,6648,29,15,2,9,831.0627402576599
19,4365,37,6,4,7,704.5962164323812
27,19909,20,15,3,5,746.1679683179174
47,3646,49,9,1,7,569.5569491253531
67,2013,21,14,5,6,712.1529815706864
62,6599,10,18,5,4,696.4352678127316
22,4278,5,17,1,8,755.8833404543362
50,16296,36,18,1,3,587.4819141122816
18,5155,6,5,5,5,546.0075284961762
35,10321,26,9,3,1,344.292611997446
49,5814,4,11,5,1,494.6250553827092
64,15125,39,1,1,1,354.9472708940957
66,5216,39,18,4,9,1002.9301804729948
28,4113,50,6,2,6,688.4234821842073
38,12238,35,2,4,1,397.3504823731969
43,15760,1,15,4,1,482.9607524366128
42,14588,24,14,1,8,871.3985108193169
39,5374,57,5,5,6,675.5237981408465
44,8430,36,6,3,2,481.42423210791037
66,13970,6,6,4,2,467.55862045965415
30,2629,41,18,5,6,699.2320792767183
50,18653,54,14,3,4,683.006599043777
51,12831,46,10,4,9,961.6442124247299
58,7724,44,14,3,5,687.1621126834688
52,13083,57,13,5,7,897.1755091542934
18,15149,31,3,2,8,818.2831919546893
38,11472,20,6,5,0,473.3921138316223
65,8276,24,8,1,2,417.13276393190955
23,17635,25,12,3,6,789.320064654507
45,7895,36,13,2,5,695.9571516556942
34,15994,21,11,3,6,704.0932215150212
22,12552,30,12,3,7,826.6776527373848
48,18959,24,1,4,5,705.1842985911078
22,8099,44,17,1,2,593.0015104208815
55,11499,42,16,3,1,472.15236487487675
20,5178,30,11,5,6,683.7122365095529
40,8116,22,13,5,0,411.2468373588266
54,17563,28,18,4,2,696.6243477204606
54,5568,7,11,1,3,473.7172289883992
27,11847,35,12,1,0,503.3055203722991
27,16135,55,6,5,4,706.6017259815964
36,19774,28,9,2,9,908.8613750845393
34,3742,14,16,4,2,562.9036009439374
38,2619,56,4,4,1,423.01884692651527
31,19658,10,3,5,2,609.9625755593987
26,19340,16,16,5,7,949.8364001504918
63,3939,16,12,2,5,523.5341690643364
18,18001,54,11,2,6,771.3535822611096
68,2968,31,5,1,5,434.10438754705353
62,16846,42,18,4,5,895.5625917379236
30,2281,25,19,4,2,602.2398411543503
21,17360,13,6,5,7,902.068107069319
18,8262,6,18,1,6,736.7752666161621
66,3058,44,6,4,6,716.7219288767493
57,12724,9,4,1,5,526.2391833673157
49,7178,45,12,1,4,543.9592091628072
51,8980,36,19,5,9,1044.3039666208776
45,11200,56,2,1,7,734.88403761197
48,3229,43,17,2,4,633.6622187170445
25,10467,20,11,2,8,814.0385740316495
56,4289,18,11,3,8,765.0492741229103
43,3239,58,16,5,0,572.5808429926781
51,7370,43,2,3,5,654.4492792408478
20,18170,57,2,2,6,782.9110176170174
67,2125,21,8,3,2,445.54014362814644
29,14504,4,13,5,6,808.7431276212387
18,17398,50,10,5,6,850.9215133982691
61,8638,33,8,1,1,440.208233745657
22,8570,27,4,4,6,589.9752465570369
47,5249,7,15,1,0,389.1845776147942
47,11110,6,1,5,4,473.37385301169826
34,9595,15,11,2,8,790.2401643397367
65,15605,18,7,2,6,659.792302078692
64,14115,32,17,1,6,822.8194491537213
40,8294,56,18,5,1,623.2437387036047
32,7757,11,12,2,7,629.8322020918333
54,14595,20,9,5,2,596.984981550924
38,3969,24,5,2,7,598.7939611583645
31,12985,15,10,5,2,603.9073360406685
19,19275,48,4,3,9,938.8162844367204
28,6470,7,5,5,6,648.471049269402
68,12225,21,10,5,1,466.3715522492394
56,11556,42,11,1,3,550.0933884286319
55,11206,26,10,3,5,651.1280681949457
51,11991,44,8,4,8,910.7451240121278
55,9519,56,2,1,4,631.0588543902745
67,15669,14,8,4,8,804.4314124128563
51,6612,57,16,2,4,733.9624072328841
35,14373,37,5,4,9,789.2461291137149
47,19582,58,3,5,7,832.1105299453855
32,17552,21,12,4,0,469.58107719066123
44,16646,18,13,1,6,684.834565527964
68,7238,5,13,1,3,403.20058051062097
51,17577,3,10,4,4,682.4199456068899
69,17504,23,4,1,5,620.3366151136069
55,5719,26,9,1,4,538.1602698802556
50,2302,37,2,4,0,331.54363430607566
41,14144,24,19,3,8,952.7208496586268
32,19370,49,1,3,1,544.5881588075188
47,12055,19,7,2,8,765.0733856878865
59,6440,51,17,1,9,847.0503305847127
68,5072,25,3,4,1,413.61070904103985
34,15598,21,3,1,8,718.5243933609437
22,16287,12,3,5,5,620.0901850618787
46,15965,57,17,1,8,954.75410620978
21,11519,41,7,1,5,591.5494540351744
27,15380,33,14,3,5,748.9284809005284
34,13865,50,17,4,1,655.8526960781733
27,10125,53,18,1,7,874.6670869623064
34,5291,4,13,3,2,406.0184966787185
37,6033,42,18,2,6,739.9447313525627
41,7105,57,4,3,4,638.7666502385122
22,19087,7,1,3,2,499.69000588669707
51,10133,22,18,3,0,589.083251967427
23,18958,55,1,1,7,838.5864086870764
19,7704,33,13,1,2,550.254653427997
30,9848,17,10,2,1,353.0865724772099
60,14975,24,11,5,0,545.9430175816711
60,8924,34,9,5,3,594.5846599151545
65,2488,28,9,5,7,693.3309098230875
28,9114,58,5,2,2,505.54076702662644
68,17740,43,1,5,0,520.6605767305741
64,5173,41,17,5,3,678.7715795502106
40,3667,39,2,3,8,650.746309932897
33,6114,22,13,1,0,392.262945679631
48,5553,49,9,1,1,381.65062289620175
28,9761,17,4,3,8,742.4441559482143
33,3000,34,5,3,1,342.83249662614327
25,17638,6,11,3,2,547.4366874132187
21,19772,46,19,1,6,938.0321487520255
57,7450,6,3,5,2,364.4903140092051
21,5712,34,12,3,8,902.3797537138466
42,3367,1,19,2,5,524.6156965352752
20,10189,10,19,3,2,542.0066158372572
49,11013,21,13,4,8,880.640594497087
20,18838,5,7,3,0,457.59570832176547
44,5726,2,15,1,9,776.2362139714147
46,6806,22,7,3,2,439.1904648499229
49,4190,48,8,4,0,418.4275042663808
67,11108,57,5,2,1,453.52652612711597
68,14178,2,14,5,7,905.4390628967453
36,4875,10,4,3,6,610.7174557115801
38,7592,34,10,4,1,517.5612175502818
22,19824,16,15,4,1,561.9321638314791
35,14592,48,18,2,8,957.9505787797149
45,10927,51,13,1,5,696.2467025639648
59,16437,39,8,3,4,632.0899312155267
39,13530,22,9,4,9,917.3082091972883
38,9010,12,16,2,5,637.2177121110092
23,13207,24,19,5,8,1002.8401914925117
18,4989,47,16,4,6,730.3804218552834
22,14040,40,7,2,9,966.352030642091
58,11218,38,14,1,9,853.363367070397
29,8471,59,14,1,8,873.6751168600218
43,4863,10,4,4,3,478.2229655194034
63,12693,35,15,4,1,548.3979784899944
51,3177,51,3,3,7,716.3934321716475
66,6760,49,5,2,3,444.14082010997924
31,2011,32,1,4,8,746.7158849591281
43,18353,7,3,3,3,538.2374632482879
62,13556,21,15,3,7,807.7394296015559
44,13563,20,8,4,8,820.6709113786283
26,16051,26,4,1,8,812.955963469636
43,13022,4,2,2,9,718.9972354074781
64,10234,46,10,2,3,546.8721155288612
39,18173,52,4,1,0,434.6531701208131
64,15178,22,3,4,2,446.9318943615016
47,8570,15,2,2,8,766.7271953970908
60,2406,56,17,4,3,607.7402704392638
65,11206,40,13,4,4,743.6408393090201
34,6431,21,5,3,6,626.7835041823886
43,8542,15,9,1,4,476.19329747590166
53,10906,22,6,4,3,542.7622645393635
18,6146,52,5,5,1,504.66013896553744
25,14046,28,10,1,1,457.0469332456847
66,14611,14,8,2,3,603.7656472925514
52,15076,27,7,3,9,935.8357696390932
69,18524,41,7,2,9,973.1857427329164
32,6882,40,6,2,8,725.8371613863501
64,16113,58,3,1,7,723.1378776109257
39,15645,28,19,2,2,611.7706197318603
31,8012,26,15,4,8,871.9320470333361
43,19347,49,4,2,4,698.7593356766178
45,9151,2,12,3,2,366.9314297619776
40,5610,25,6,3,4,525.6943399194125
31,11884,56,19,5,9,1078.7444612661593
41,8894,3,4,3,3,431.06278718422243
19,15467,8,15,2,7,875.233691950794
62,18489,44,9,3,4,743.9790037125435
43,11873,33,5,1,9,870.2395954040448
31,14289,42,13,3,7,856.0919739824884
68,14208,52,18,4,8,1052.9538746253463
24,12828,35,5,1,3,600.0333197263759
20,4137,6,16,5,6,778.9546724636331
64,3286,39,19,4,1,476.2529203285634
40,17710,52,14,2,5,798.4161961228809
63,13371,23,16,2,7,812.4517647275102
60,17945,25,15,2,6,843.9127267538164
64,9052,59,4,4,6,762.8376777507266
62,5654,50,7,4,7,714.5953662987131
35,17600,43,16,4,6,905.3919256958469
55,10636,19,8,1,4,443.3636333921932
